idx;t_us;evt;core;prio;task_id;aux
0;114980;3;0;1;0;0
1;115219;2;0;1;0;0
2;115228;1;0;0;0;0
3;115980;3;0;0;0;0
4;116980;3;0;0;0;0
5;117980;3;0;0;0;0
6;118980;3;0;0;0;0
7;119980;3;0;0;0;0
8;120980;3;0;0;0;0
9;121980;3;0;0;0;0
10;122980;3;0;0;0;0
11;123980;3;0;0;0;0
12;124980;3;0;0;0;0
13;125980;3;0;0;0;0
14;126980;3;0;0;0;0
15;127980;3;0;0;0;0
16;128980;3;0;0;0;0
17;129980;3;0;0;0;0
18;130980;3;0;0;0;0
19;131980;3;0;0;0;0
20;132980;3;0;0;0;0
21;133980;3;0;0;0;0
22;134982;3;0;0;0;0
23;134989;2;0;0;0;0
24;134998;1;0;1;0;0
25;135017;2;0;1;0;0
26;135025;1;0;0;0;0
27;135980;3;0;0;0;0
28;136980;3;0;0;0;0
29;137980;3;0;0;0;0
30;138980;3;0;0;0;0
31;139980;3;0;0;0;0
32;140980;3;0;0;0;0
33;141980;3;0;0;0;0
34;142980;3;0;0;0;0
35;143980;3;0;0;0;0
36;144980;3;0;0;0;0
37;145980;3;0;0;0;0
38;146980;3;0;0;0;0
39;147980;3;0;0;0;0
40;148980;3;0;0;0;0
41;149980;3;0;0;0;0
42;150980;3;0;0;0;0
43;151980;3;0;0;0;0
44;152980;3;0;0;0;0
45;153980;3;0;0;0;0
46;154982;3;0;0;0;0
47;154989;2;0;0;0;0
48;154998;1;0;1;0;0
49;155017;2;0;1;0;0
50;155025;1;0;0;0;0
51;155980;3;0;0;0;0
52;156980;3;0;0;0;0
53;157980;3;0;0;0;0
54;158980;3;0;0;0;0
55;159980;3;0;0;0;0
56;160980;3;0;0;0;0
57;161980;3;0;0;0;0
58;162980;3;0;0;0;0
59;163980;3;0;0;0;0
60;164980;3;0;0;0;0
61;165980;3;0;0;0;0
62;166980;3;0;0;0;0
63;167980;3;0;0;0;0
64;168980;3;0;0;0;0
65;169980;3;0;0;0;0
66;170980;3;0;0;0;0
67;171980;3;0;0;0;0
68;172980;3;0;0;0;0
69;173980;3;0;0;0;0
70;174982;3;0;0;0;0
71;174989;2;0;0;0;0
72;174998;1;0;1;0;0
73;175017;2;0;1;0;0
74;175025;1;0;0;0;0
75;175980;3;0;0;0;0
76;176980;3;0;0;0;0
77;177980;3;0;0;0;0
78;178980;3;0;0;0;0
79;179980;3;0;0;0;0
80;180980;3;0;0;0;0
81;181980;3;0;0;0;0
82;182980;3;0;0;0;0
83;183980;3;0;0;0;0
84;184980;3;0;0;0;0
85;185980;3;0;0;0;0
86;186980;3;0;0;0;0
87;187980;3;0;0;0;0
88;188980;3;0;0;0;0
89;189980;3;0;0;0;0
90;190980;3;0;0;0;0
91;191980;3;0;0;0;0
92;192980;3;0;0;0;0
93;193980;3;0;0;0;0
94;194982;3;0;0;0;0
95;194989;2;0;0;0;0
96;194998;1;0;1;0;0
97;195017;2;0;1;0;0
98;195025;1;0;0;0;0
99;195980;3;0;0;0;0
100;196980;3;0;0;0;0
101;197980;3;0;0;0;0
102;198980;3;0;0;0;0
103;199980;3;0;0;0;0
104;200980;3;0;0;0;0
105;201980;3;0;0;0;0
106;202980;3;0;0;0;0
107;203980;3;0;0;0;0
108;204980;3;0;0;0;0
109;205980;3;0;0;0;0
110;206980;3;0;0;0;0
111;207980;3;0;0;0;0
112;208980;3;0;0;0;0
113;209980;3;0;0;0;0
114;210980;3;0;0;0;0
115;211980;3;0;0;0;0
116;212980;3;0;0;0;0
117;213980;3;0;0;0;0
118;214982;3;0;0;0;0
119;214989;2;0;0;0;0
120;214998;1;0;1;0;0
121;215017;2;0;1;0;0
122;215025;1;0;0;0;0
123;215980;3;0;0;0;0
124;216980;3;0;0;0;0
125;217980;3;0;0;0;0
126;218980;3;0;0;0;0
127;219980;3;0;0;0;0
128;220980;3;0;0;0;0
129;221980;3;0;0;0;0
130;222980;3;0;0;0;0
131;223980;3;0;0;0;0
132;224980;3;0;0;0;0
133;225980;3;0;0;0;0
134;226980;3;0;0;0;0
135;227980;3;0;0;0;0
136;228980;3;0;0;0;0
137;229980;3;0;0;0;0
138;230980;3;0;0;0;0
139;231980;3;0;0;0;0
140;232980;3;0;0;0;0
141;233980;3;0;0;0;0
142;234982;3;0;0;0;0
143;234989;2;0;0;0;0
144;234998;1;0;1;0;0
145;235017;2;0;1;0;0
146;235025;1;0;0;0;0
147;235980;3;0;0;0;0
148;236980;3;0;0;0;0
149;237980;3;0;0;0;0
150;238980;3;0;0;0;0
151;239980;3;0;0;0;0
152;240980;3;0;0;0;0
153;241980;3;0;0;0;0
154;242980;3;0;0;0;0
155;243980;3;0;0;0;0
156;244980;3;0;0;0;0
157;245980;3;0;0;0;0
158;246980;3;0;0;0;0
159;247980;3;0;0;0;0
160;248980;3;0;0;0;0
161;249980;3;0;0;0;0
162;250980;3;0;0;0;0
163;251980;3;0;0;0;0
164;252980;3;0;0;0;0
165;253980;3;0;0;0;0
166;254982;3;0;0;0;0
167;254989;2;0;0;0;0
168;254998;1;0;1;0;0
169;255017;2;0;1;0;0
170;255025;1;0;0;0;0
171;255980;3;0;0;0;0
172;256980;3;0;0;0;0
173;257980;3;0;0;0;0
174;258980;3;0;0;0;0
175;259980;3;0;0;0;0
176;260980;3;0;0;0;0
177;261980;3;0;0;0;0
178;262980;3;0;0;0;0
179;263980;3;0;0;0;0
180;264980;3;0;0;0;0
181;265980;3;0;0;0;0
182;266980;3;0;0;0;0
183;267980;3;0;0;0;0
184;268980;3;0;0;0;0
185;269980;3;0;0;0;0
186;270980;3;0;0;0;0
187;271980;3;0;0;0;0
188;272980;3;0;0;0;0
189;273980;3;0;0;0;0
190;274982;3;0;0;0;0
191;274989;2;0;0;0;0
192;274998;1;0;1;0;0
193;275017;2;0;1;0;0
194;275025;1;0;0;0;0
195;275980;3;0;0;0;0
196;276980;3;0;0;0;0
197;277980;3;0;0;0;0
198;278980;3;0;0;0;0
199;279980;3;0;0;0;0
200;280980;3;0;0;0;0
201;281980;3;0;0;0;0
202;282980;3;0;0;0;0
203;283980;3;0;0;0;0
204;284980;3;0;0;0;0
205;285980;3;0;0;0;0
206;286980;3;0;0;0;0
207;287980;3;0;0;0;0
208;288980;3;0;0;0;0
209;289980;3;0;0;0;0
210;290980;3;0;0;0;0
211;291980;3;0;0;0;0
212;292980;3;0;0;0;0
213;293980;3;0;0;0;0
214;294982;3;0;0;0;0
215;294989;2;0;0;0;0
216;294998;1;0;1;0;0
217;295017;2;0;1;0;0
218;295025;1;0;0;0;0
219;295980;3;0;0;0;0
220;296980;3;0;0;0;0
221;297980;3;0;0;0;0
222;298980;3;0;0;0;0
223;299980;3;0;0;0;0
224;300980;3;0;0;0;0
225;301980;3;0;0;0;0
226;302980;3;0;0;0;0
227;303980;3;0;0;0;0
228;304980;3;0;0;0;0
229;305980;3;0;0;0;0
230;306980;3;0;0;0;0
231;307980;3;0;0;0;0
232;308980;3;0;0;0;0
233;309980;3;0;0;0;0
234;310980;3;0;0;0;0
235;311980;3;0;0;0;0
236;312980;3;0;0;0;0
237;313980;3;0;0;0;0
238;314982;3;0;0;0;0
239;314989;2;0;0;0;0
240;314998;1;0;1;0;0
241;315017;2;0;1;0;0
242;315025;1;0;0;0;0
243;315980;3;0;0;0;0
244;316980;3;0;0;0;0
245;317980;3;0;0;0;0
246;318980;3;0;0;0;0
247;319980;3;0;0;0;0
248;320980;3;0;0;0;0
249;321980;3;0;0;0;0
250;322980;3;0;0;0;0
251;323980;3;0;0;0;0
252;324980;3;0;0;0;0
253;325980;3;0;0;0;0
254;326980;3;0;0;0;0
255;327980;3;0;0;0;0
256;328980;3;0;0;0;0
257;329980;3;0;0;0;0
258;330980;3;0;0;0;0
259;331980;3;0;0;0;0
260;332980;3;0;0;0;0
261;333980;3;0;0;0;0
262;334982;3;0;0;0;0
263;334989;2;0;0;0;0
264;334998;1;0;1;0;0
265;335017;2;0;1;0;0
266;335025;1;0;0;0;0
267;335980;3;0;0;0;0
268;336980;3;0;0;0;0
269;337980;3;0;0;0;0
270;338980;3;0;0;0;0
271;339980;3;0;0;0;0
272;340980;3;0;0;0;0
273;341980;3;0;0;0;0
274;342980;3;0;0;0;0
275;343980;3;0;0;0;0
276;344980;3;0;0;0;0
277;345980;3;0;0;0;0
278;346980;3;0;0;0;0
279;347980;3;0;0;0;0
280;348980;3;0;0;0;0
281;349980;3;0;0;0;0
282;350980;3;0;0;0;0
283;351980;3;0;0;0;0
284;352980;3;0;0;0;0
285;353980;3;0;0;0;0
286;354982;3;0;0;0;0
287;354989;2;0;0;0;0
288;354998;1;0;1;0;0
289;355017;2;0;1;0;0
290;355025;1;0;0;0;0
291;355980;3;0;0;0;0
292;356980;3;0;0;0;0
293;357980;3;0;0;0;0
294;358980;3;0;0;0;0
295;359980;3;0;0;0;0
296;360980;3;0;0;0;0
297;361980;3;0;0;0;0
298;362980;3;0;0;0;0
299;363980;3;0;0;0;0
300;364980;3;0;0;0;0
301;365980;3;0;0;0;0
302;366980;3;0;0;0;0
303;367980;3;0;0;0;0
304;368980;3;0;0;0;0
305;369980;3;0;0;0;0
306;370980;3;0;0;0;0
307;371980;3;0;0;0;0
308;372980;3;0;0;0;0
309;373980;3;0;0;0;0
310;374982;3;0;0;0;0
311;374989;2;0;0;0;0
312;374998;1;0;1;0;0
313;375017;2;0;1;0;0
314;375025;1;0;0;0;0
315;375980;3;0;0;0;0
316;376980;3;0;0;0;0
317;377980;3;0;0;0;0
318;378980;3;0;0;0;0
319;379980;3;0;0;0;0
320;380980;3;0;0;0;0
321;381980;3;0;0;0;0
322;382980;3;0;0;0;0
323;383980;3;0;0;0;0
324;384980;3;0;0;0;0
325;385980;3;0;0;0;0
326;386980;3;0;0;0;0
327;387980;3;0;0;0;0
328;388980;3;0;0;0;0
329;389980;3;0;0;0;0
330;390980;3;0;0;0;0
331;391980;3;0;0;0;0
332;392980;3;0;0;0;0
333;393980;3;0;0;0;0
334;394982;3;0;0;0;0
335;394989;2;0;0;0;0
336;394998;1;0;1;0;0
337;395017;2;0;1;0;0
338;395025;1;0;0;0;0
339;395980;3;0;0;0;0
340;396980;3;0;0;0;0
341;397980;3;0;0;0;0
342;398980;3;0;0;0;0
343;399980;3;0;0;0;0
344;400980;3;0;0;0;0
345;401980;3;0;0;0;0
346;402980;3;0;0;0;0
347;403980;3;0;0;0;0
348;404980;3;0;0;0;0
349;405980;3;0;0;0;0
350;406980;3;0;0;0;0
351;407980;3;0;0;0;0
352;408980;3;0;0;0;0
353;409980;3;0;0;0;0
354;410980;3;0;0;0;0
355;411980;3;0;0;0;0
356;412980;3;0;0;0;0
357;413980;3;0;0;0;0
358;414982;3;0;0;0;0
359;414989;2;0;0;0;0
360;414998;1;0;1;0;0
361;415017;2;0;1;0;0
362;415025;1;0;0;0;0
363;415980;3;0;0;0;0
364;416980;3;0;0;0;0
365;417980;3;0;0;0;0
366;418980;3;0;0;0;0
367;419980;3;0;0;0;0
368;420980;3;0;0;0;0
369;421980;3;0;0;0;0
370;422980;3;0;0;0;0
371;423980;3;0;0;0;0
372;424980;3;0;0;0;0
373;425980;3;0;0;0;0
374;426980;3;0;0;0;0
375;427980;3;0;0;0;0
376;428980;3;0;0;0;0
377;429980;3;0;0;0;0
378;430980;3;0;0;0;0
379;431980;3;0;0;0;0
380;432980;3;0;0;0;0
381;433980;3;0;0;0;0
382;434982;3;0;0;0;0
383;434989;2;0;0;0;0
384;434998;1;0;1;0;0
385;435017;2;0;1;0;0
386;435025;1;0;0;0;0
387;435980;3;0;0;0;0
388;436980;3;0;0;0;0
389;437980;3;0;0;0;0
390;438980;3;0;0;0;0
391;439980;3;0;0;0;0
392;440980;3;0;0;0;0
393;441980;3;0;0;0;0
394;442980;3;0;0;0;0
395;443980;3;0;0;0;0
396;444980;3;0;0;0;0
397;445980;3;0;0;0;0
398;446980;3;0;0;0;0
399;447980;3;0;0;0;0
400;448980;3;0;0;0;0
401;449980;3;0;0;0;0
402;450980;3;0;0;0;0
403;451980;3;0;0;0;0
404;452980;3;0;0;0;0
405;453980;3;0;0;0;0
406;454982;3;0;0;0;0
407;454989;2;0;0;0;0
408;454998;1;0;1;0;0
409;455017;2;0;1;0;0
410;455025;1;0;0;0;0
411;455980;3;0;0;0;0
412;456980;3;0;0;0;0
413;457980;3;0;0;0;0
414;458980;3;0;0;0;0
415;459980;3;0;0;0;0
416;460980;3;0;0;0;0
417;461980;3;0;0;0;0
418;462980;3;0;0;0;0
419;463980;3;0;0;0;0
420;464980;3;0;0;0;0
421;465980;3;0;0;0;0
422;466980;3;0;0;0;0
423;467980;3;0;0;0;0
424;468980;3;0;0;0;0
425;469980;3;0;0;0;0
426;470980;3;0;0;0;0
427;471980;3;0;0;0;0
428;472980;3;0;0;0;0
429;473980;3;0;0;0;0
430;474982;3;0;0;0;0
431;474989;2;0;0;0;0
432;474998;1;0;1;0;0
433;475017;2;0;1;0;0
434;475025;1;0;0;0;0
435;475980;3;0;0;0;0
436;476980;3;0;0;0;0
437;477980;3;0;0;0;0
438;478980;3;0;0;0;0
439;479980;3;0;0;0;0
440;480980;3;0;0;0;0
441;481980;3;0;0;0;0
442;482980;3;0;0;0;0
443;483980;3;0;0;0;0
444;484980;3;0;0;0;0
445;485980;3;0;0;0;0
446;486980;3;0;0;0;0
447;487980;3;0;0;0;0
448;488980;3;0;0;0;0
449;489980;3;0;0;0;0
450;490980;3;0;0;0;0
451;491980;3;0;0;0;0
452;492980;3;0;0;0;0
453;493980;3;0;0;0;0
454;494982;3;0;0;0;0
455;494989;2;0;0;0;0
456;494998;1;0;1;0;0
457;495017;2;0;1;0;0
458;495025;1;0;0;0;0
459;495980;3;0;0;0;0
460;496980;3;0;0;0;0
461;497980;3;0;0;0;0
462;498980;3;0;0;0;0
463;499980;3;0;0;0;0
464;500980;3;0;0;0;0
465;501980;3;0;0;0;0
466;502980;3;0;0;0;0
467;503980;3;0;0;0;0
468;504980;3;0;0;0;0
469;505980;3;0;0;0;0
470;506980;3;0;0;0;0
471;507980;3;0;0;0;0
472;508980;3;0;0;0;0
473;509980;3;0;0;0;0
474;510980;3;0;0;0;0
475;511980;3;0;0;0;0
476;512980;3;0;0;0;0
477;513980;3;0;0;0;0
478;514982;3;0;0;0;0
479;514989;2;0;0;0;0
480;514998;1;0;1;0;0
481;515017;2;0;1;0;0
482;515025;1;0;0;0;0
483;515980;3;0;0;0;0
484;516980;3;0;0;0;0
485;517980;3;0;0;0;0
486;518980;3;0;0;0;0
487;519980;3;0;0;0;0
488;520980;3;0;0;0;0
489;521980;3;0;0;0;0
490;522980;3;0;0;0;0
491;523980;3;0;0;0;0
492;524980;3;0;0;0;0
493;525980;3;0;0;0;0
494;526980;3;0;0;0;0
495;527980;3;0;0;0;0
496;528980;3;0;0;0;0
497;529980;3;0;0;0;0
498;530980;3;0;0;0;0
499;531980;3;0;0;0;0
500;532980;3;0;0;0;0
501;533980;3;0;0;0;0
502;534982;3;0;0;0;0
503;534989;2;0;0;0;0
504;534998;1;0;1;0;0
505;535017;2;0;1;0;0
506;535026;1;0;0;0;0
507;535980;3;0;0;0;0
508;536980;3;0;0;0;0
509;537982;3;0;0;0;0
510;537989;2;0;0;0;0
511;537998;1;0;1;1;0
512;538979;3;0;1;1;0
513;539979;3;0;1;1;0
514;540979;3;0;1;1;0
515;541979;3;0;1;1;0
516;542979;3;0;1;1;0
517;543979;3;0;1;1;0
518;544979;3;0;1;1;0
519;545979;3;0;1;1;0
520;546979;3;0;1;1;0
521;547979;3;0;1;1;0
522;548979;3;0;1;1;0
523;549979;3;0;1;1;0
524;550979;3;0;1;1;0
525;551979;3;0;1;1;0
526;552979;3;0;1;1;0
527;553381;2;0;1;1;0
528;553388;1;0;0;0;0
529;553982;3;0;0;0;0
530;553989;2;0;0;0;0
531;553998;1;0;1;2;0
532;554981;3;0;1;2;0
533;555979;3;0;1;2;0
534;556979;3;0;1;2;0
535;557979;3;0;1;2;0
536;558979;3;0;1;2;0
537;559979;3;0;1;2;0
538;560979;3;0;1;2;0
539;561979;3;0;1;2;0
540;562979;3;0;1;2;0
541;563979;3;0;1;2;0
542;564979;3;0;1;2;0
543;565979;3;0;1;2;0
544;566979;3;0;1;2;0
545;567979;3;0;1;2;0
546;568981;3;0;1;2;0
547;569386;2;0;1;2;0
548;569394;1;0;1;0;0
549;569413;2;0;1;0;0
550;569421;1;0;1;3;0
551;569979;3;0;1;3;0
552;570979;3;0;1;3;0
553;571979;3;0;1;3;0
554;572979;3;0;1;3;0
555;573979;3;0;1;3;0
556;574979;3;0;1;3;0
557;575979;3;0;1;3;0
558;576979;3;0;1;3;0
559;577979;3;0;1;3;0
560;578979;3;0;1;3;0
561;579979;3;0;1;3;0
562;580979;3;0;1;3;0
563;581979;3;0;1;3;0
564;582979;3;0;1;3;0
565;583979;3;0;1;3;0
566;584810;2;0;1;3;0
567;584817;1;0;0;0;0
568;584982;3;0;0;0;0
569;584989;2;0;0;0;0
570;584998;1;0;1;4;0
571;585979;3;0;1;4;0
572;586979;3;0;1;4;0
573;587979;3;0;1;4;0
574;588981;3;0;1;4;0
575;589979;3;0;1;4;0
576;590979;3;0;1;4;0
577;591979;3;0;1;4;0
578;592979;3;0;1;4;0
579;593979;3;0;1;4;0
580;594979;3;0;1;4;0
581;595979;3;0;1;4;0
582;596979;3;0;1;4;0
583;597979;3;0;1;4;0
584;598981;3;0;1;4;0
585;599127;2;0;1;4;0
586;599135;1;0;1;0;0
587;599154;2;0;1;0;0
588;599162;1;0;1;5;0
589;599979;3;0;1;5;0
590;600979;3;0;1;5;0
591;601979;3;0;1;5;0
592;602979;3;0;1;5;0
593;603979;3;0;1;5;0
594;604979;3;0;1;5;0
595;605979;3;0;1;5;0
596;606979;3;0;1;5;0
597;607979;3;0;1;5;0
598;608979;3;0;1;5;0
599;609979;3;0;1;5;0
600;610979;3;0;1;5;0
601;611979;3;0;1;5;0
602;612979;3;0;1;5;0
603;613979;3;0;1;5;0
604;614557;2;0;1;5;0
605;614565;1;0;0;0;0
606;614980;3;0;0;0;0
607;615980;3;0;0;0;0
608;616980;3;0;0;0;0
609;617980;3;0;0;0;0
610;618982;3;0;0;0;0
611;618989;2;0;0;0;0
612;618998;1;0;1;0;0
613;619017;2;0;1;0;0
614;619025;1;0;0;0;0
615;619980;3;0;0;0;0
616;620980;3;0;0;0;0
617;621980;3;0;0;0;0
618;622980;3;0;0;0;0
619;623980;3;0;0;0;0
620;624980;3;0;0;0;0
621;625980;3;0;0;0;0
622;626980;3;0;0;0;0
623;627980;3;0;0;0;0
624;628980;3;0;0;0;0
625;629980;3;0;0;0;0
626;630980;3;0;0;0;0
627;631980;3;0;0;0;0
628;632980;3;0;0;0;0
629;633980;3;0;0;0;0
630;634980;3;0;0;0;0
631;635980;3;0;0;0;0
632;636980;3;0;0;0;0
633;637980;3;0;0;0;0
634;638982;3;0;0;0;0
635;638989;2;0;0;0;0
636;638998;1;0;1;0;0
637;639017;2;0;1;0;0
638;639025;1;0;0;0;0
639;639980;3;0;0;0;0
640;640980;3;0;0;0;0
641;641980;3;0;0;0;0
642;642980;3;0;0;0;0
643;643980;3;0;0;0;0
644;644980;3;0;0;0;0
645;645980;3;0;0;0;0
646;646980;3;0;0;0;0
647;647980;3;0;0;0;0
648;648980;3;0;0;0;0
649;649980;3;0;0;0;0
650;650980;3;0;0;0;0
651;651980;3;0;0;0;0
652;652980;3;0;0;0;0
653;653980;3;0;0;0;0
654;654980;3;0;0;0;0
655;655980;3;0;0;0;0
656;656980;3;0;0;0;0
657;657980;3;0;0;0;0
658;658982;3;0;0;0;0
659;658989;2;0;0;0;0
660;658998;1;0;1;0;0
661;659017;2;0;1;0;0
662;659025;1;0;0;0;0
663;659980;3;0;0;0;0
664;660980;3;0;0;0;0
665;661980;3;0;0;0;0
666;662980;3;0;0;0;0
667;663980;3;0;0;0;0
668;664980;3;0;0;0;0
669;665980;3;0;0;0;0
670;666980;3;0;0;0;0
671;667980;3;0;0;0;0
672;668980;3;0;0;0;0
673;669980;3;0;0;0;0
674;670980;3;0;0;0;0
675;671980;3;0;0;0;0
676;672980;3;0;0;0;0
677;673980;3;0;0;0;0
678;674980;3;0;0;0;0
679;675980;3;0;0;0;0
680;676980;3;0;0;0;0
681;677980;3;0;0;0;0
682;678982;3;0;0;0;0
683;678989;2;0;0;0;0
684;678998;1;0;1;0;0
685;679017;2;0;1;0;0
686;679025;1;0;0;0;0
687;679980;3;0;0;0;0
688;680980;3;0;0;0;0
689;681980;3;0;0;0;0
690;682980;3;0;0;0;0
691;683980;3;0;0;0;0
692;684980;3;0;0;0;0
693;685980;3;0;0;0;0
694;686980;3;0;0;0;0
695;687980;3;0;0;0;0
696;688980;3;0;0;0;0
697;689980;3;0;0;0;0
698;690980;3;0;0;0;0
699;691980;3;0;0;0;0
700;692980;3;0;0;0;0
701;693980;3;0;0;0;0
702;694980;3;0;0;0;0
703;695980;3;0;0;0;0
704;696980;3;0;0;0;0
705;697980;3;0;0;0;0
706;698982;3;0;0;0;0
707;698989;2;0;0;0;0
708;698998;1;0;1;0;0
709;699017;2;0;1;0;0
710;699025;1;0;0;0;0
711;699980;3;0;0;0;0
712;700980;3;0;0;0;0
713;701980;3;0;0;0;0
714;702980;3;0;0;0;0
715;703980;3;0;0;0;0
716;704980;3;0;0;0;0
717;705980;3;0;0;0;0
718;706980;3;0;0;0;0
719;707980;3;0;0;0;0
720;708980;3;0;0;0;0
721;709980;3;0;0;0;0
722;710980;3;0;0;0;0
723;711980;3;0;0;0;0
724;712980;3;0;0;0;0
725;713980;3;0;0;0;0
726;714980;3;0;0;0;0
727;715980;3;0;0;0;0
728;716980;3;0;0;0;0
729;717980;3;0;0;0;0
730;718982;3;0;0;0;0
731;718989;2;0;0;0;0
732;718998;1;0;1;0;0
733;719017;2;0;1;0;0
734;719025;1;0;0;0;0
735;719980;3;0;0;0;0
736;720980;3;0;0;0;0
737;721980;3;0;0;0;0
738;722980;3;0;0;0;0
739;723980;3;0;0;0;0
740;724980;3;0;0;0;0
741;725980;3;0;0;0;0
742;726980;3;0;0;0;0
743;727980;3;0;0;0;0
744;728980;3;0;0;0;0
745;729980;3;0;0;0;0
746;730980;3;0;0;0;0
747;731980;3;0;0;0;0
748;732980;3;0;0;0;0
749;733980;3;0;0;0;0
750;734980;3;0;0;0;0
751;735980;3;0;0;0;0
752;736980;3;0;0;0;0
753;737980;3;0;0;0;0
754;738982;3;0;0;0;0
755;738989;2;0;0;0;0
756;738998;1;0;1;0;0
757;739017;2;0;1;0;0
758;739025;1;0;0;0;0
759;739980;3;0;0;0;0
760;740980;3;0;0;0;0
761;741980;3;0;0;0;0
762;742980;3;0;0;0;0
763;743980;3;0;0;0;0
764;744980;3;0;0;0;0
765;745980;3;0;0;0;0
766;746980;3;0;0;0;0
767;747980;3;0;0;0;0
768;748980;3;0;0;0;0
769;749980;3;0;0;0;0
770;750980;3;0;0;0;0
771;751980;3;0;0;0;0
772;752980;3;0;0;0;0
773;753980;3;0;0;0;0
774;754980;3;0;0;0;0
775;755980;3;0;0;0;0
776;756980;3;0;0;0;0
777;757980;3;0;0;0;0
778;758982;3;0;0;0;0
779;758989;2;0;0;0;0
780;758998;1;0;1;0;0
781;759017;2;0;1;0;0
782;759025;1;0;0;0;0
783;759980;3;0;0;0;0
784;760980;3;0;0;0;0
785;761980;3;0;0;0;0
786;762980;3;0;0;0;0
787;763980;3;0;0;0;0
788;764980;3;0;0;0;0
789;765980;3;0;0;0;0
790;766980;3;0;0;0;0
791;767980;3;0;0;0;0
792;768980;3;0;0;0;0
793;769980;3;0;0;0;0
794;770980;3;0;0;0;0
795;771980;3;0;0;0;0
796;772980;3;0;0;0;0
797;773980;3;0;0;0;0
798;774980;3;0;0;0;0
799;775980;3;0;0;0;0
800;776980;3;0;0;0;0
801;777980;3;0;0;0;0
802;778982;3;0;0;0;0
803;778989;2;0;0;0;0
804;778998;1;0;1;0;0
805;779017;2;0;1;0;0
806;779025;1;0;0;0;0
807;779980;3;0;0;0;0
808;780980;3;0;0;0;0
809;781980;3;0;0;0;0
810;782980;3;0;0;0;0
811;783980;3;0;0;0;0
812;784980;3;0;0;0;0
813;785980;3;0;0;0;0
814;786980;3;0;0;0;0
815;787980;3;0;0;0;0
816;788980;3;0;0;0;0
817;789980;3;0;0;0;0
818;790980;3;0;0;0;0
819;791980;3;0;0;0;0
820;792980;3;0;0;0;0
821;793980;3;0;0;0;0
822;794980;3;0;0;0;0
823;795980;3;0;0;0;0
824;796980;3;0;0;0;0
825;797980;3;0;0;0;0
826;798982;3;0;0;0;0
827;798989;2;0;0;0;0
828;798998;1;0;1;0;0
829;799017;2;0;1;0;0
830;799025;1;0;0;0;0
831;799980;3;0;0;0;0
832;800980;3;0;0;0;0
833;801980;3;0;0;0;0
834;802980;3;0;0;0;0
835;803980;3;0;0;0;0
836;804980;3;0;0;0;0
837;805980;3;0;0;0;0
838;806980;3;0;0;0;0
839;807980;3;0;0;0;0
840;808980;3;0;0;0;0
841;809980;3;0;0;0;0
842;810980;3;0;0;0;0
843;811980;3;0;0;0;0
844;812980;3;0;0;0;0
845;813980;3;0;0;0;0
846;814980;3;0;0;0;0
847;815980;3;0;0;0;0
848;816980;3;0;0;0;0
849;817980;3;0;0;0;0
850;818982;3;0;0;0;0
851;818989;2;0;0;0;0
852;818998;1;0;1;0;0
853;819017;2;0;1;0;0
854;819025;1;0;0;0;0
855;819980;3;0;0;0;0
856;820980;3;0;0;0;0
857;821980;3;0;0;0;0
858;822980;3;0;0;0;0
859;823980;3;0;0;0;0
860;824980;3;0;0;0;0
861;825980;3;0;0;0;0
862;826980;3;0;0;0;0
863;827980;3;0;0;0;0
864;828980;3;0;0;0;0
865;829980;3;0;0;0;0
866;830980;3;0;0;0;0
867;831980;3;0;0;0;0
868;832980;3;0;0;0;0
869;833980;3;0;0;0;0
870;834980;3;0;0;0;0
871;835980;3;0;0;0;0
872;836980;3;0;0;0;0
873;837980;3;0;0;0;0
874;838982;3;0;0;0;0
875;838989;2;0;0;0;0
876;838998;1;0;1;0;0
877;839017;2;0;1;0;0
878;839025;1;0;0;0;0
879;839980;3;0;0;0;0
880;840980;3;0;0;0;0
881;841980;3;0;0;0;0
882;842980;3;0;0;0;0
883;843980;3;0;0;0;0
884;844980;3;0;0;0;0
885;845980;3;0;0;0;0
886;846980;3;0;0;0;0
887;847980;3;0;0;0;0
888;848980;3;0;0;0;0
889;849980;3;0;0;0;0
890;850980;3;0;0;0;0
891;851980;3;0;0;0;0
892;852980;3;0;0;0;0
893;853980;3;0;0;0;0
894;854980;3;0;0;0;0
895;855980;3;0;0;0;0
896;856980;3;0;0;0;0
897;857980;3;0;0;0;0
898;858982;3;0;0;0;0
899;858989;2;0;0;0;0
900;858998;1;0;1;0;0
901;859017;2;0;1;0;0
902;859025;1;0;0;0;0
903;859980;3;0;0;0;0
904;860980;3;0;0;0;0
905;861980;3;0;0;0;0
906;862980;3;0;0;0;0
907;863980;3;0;0;0;0
908;864980;3;0;0;0;0
909;865980;3;0;0;0;0
910;866980;3;0;0;0;0
911;867980;3;0;0;0;0
912;868980;3;0;0;0;0
913;869980;3;0;0;0;0
914;870980;3;0;0;0;0
915;871980;3;0;0;0;0
916;872980;3;0;0;0;0
917;873980;3;0;0;0;0
918;874980;3;0;0;0;0
919;875980;3;0;0;0;0
920;876980;3;0;0;0;0
921;877980;3;0;0;0;0
922;878982;3;0;0;0;0
923;878989;2;0;0;0;0
924;878998;1;0;1;0;0
925;879017;2;0;1;0;0
926;879025;1;0;0;0;0
927;879980;3;0;0;0;0
928;880980;3;0;0;0;0
929;881980;3;0;0;0;0
930;882980;3;0;0;0;0
931;883980;3;0;0;0;0
932;884980;3;0;0;0;0
933;885980;3;0;0;0;0
934;886980;3;0;0;0;0
935;887980;3;0;0;0;0
936;888980;3;0;0;0;0
937;889980;3;0;0;0;0
938;890980;3;0;0;0;0
939;891980;3;0;0;0;0
940;892980;3;0;0;0;0
941;893980;3;0;0;0;0
942;894980;3;0;0;0;0
943;895980;3;0;0;0;0
944;896980;3;0;0;0;0
945;897980;3;0;0;0;0
946;898982;3;0;0;0;0
947;898989;2;0;0;0;0
948;898998;1;0;1;0;0
949;899017;2;0;1;0;0
950;899025;1;0;0;0;0
951;899980;3;0;0;0;0
952;900980;3;0;0;0;0
953;901980;3;0;0;0;0
954;902980;3;0;0;0;0
955;903980;3;0;0;0;0
956;904980;3;0;0;0;0
957;905980;3;0;0;0;0
958;906980;3;0;0;0;0
959;907980;3;0;0;0;0
960;908980;3;0;0;0;0
961;909980;3;0;0;0;0
962;910980;3;0;0;0;0
963;911980;3;0;0;0;0
964;912980;3;0;0;0;0
965;913980;3;0;0;0;0
966;914980;3;0;0;0;0
967;915980;3;0;0;0;0
968;916980;3;0;0;0;0
969;917980;3;0;0;0;0
970;918982;3;0;0;0;0
971;918989;2;0;0;0;0
972;918998;1;0;1;0;0
973;919017;2;0;1;0;0
974;919025;1;0;0;0;0
975;919980;3;0;0;0;0
976;920980;3;0;0;0;0
977;921980;3;0;0;0;0
978;922980;3;0;0;0;0
979;923980;3;0;0;0;0
980;924980;3;0;0;0;0
981;925980;3;0;0;0;0
982;926980;3;0;0;0;0
983;927980;3;0;0;0;0
984;928980;3;0;0;0;0
985;929980;3;0;0;0;0
986;930980;3;0;0;0;0
987;931980;3;0;0;0;0
988;932980;3;0;0;0;0
989;933980;3;0;0;0;0
990;934980;3;0;0;0;0
991;935980;3;0;0;0;0
992;936980;3;0;0;0;0
993;937980;3;0;0;0;0
994;938982;3;0;0;0;0
995;938989;2;0;0;0;0
996;938998;1;0;1;0;0
997;939017;2;0;1;0;0
998;939025;1;0;0;0;0
999;939980;3;0;0;0;0
1000;940980;3;0;0;0;0
1001;941980;3;0;0;0;0
1002;942980;3;0;0;0;0
1003;943980;3;0;0;0;0
1004;944980;3;0;0;0;0
1005;945980;3;0;0;0;0
1006;946980;3;0;0;0;0
1007;947980;3;0;0;0;0
1008;948980;3;0;0;0;0
1009;949980;3;0;0;0;0
1010;950980;3;0;0;0;0
1011;951980;3;0;0;0;0
1012;952980;3;0;0;0;0
1013;953980;3;0;0;0;0
1014;954980;3;0;0;0;0
1015;955980;3;0;0;0;0
1016;956980;3;0;0;0;0
1017;957980;3;0;0;0;0
1018;958982;3;0;0;0;0
1019;958989;2;0;0;0;0
1020;958998;1;0;1;0;0
1021;959017;2;0;1;0;0
1022;959025;1;0;0;0;0
1023;959980;3;0;0;0;0
1024;960980;3;0;0;0;0
1025;961980;3;0;0;0;0
1026;962980;3;0;0;0;0
1027;963980;3;0;0;0;0
1028;964980;3;0;0;0;0
1029;965980;3;0;0;0;0
1030;966980;3;0;0;0;0
1031;967980;3;0;0;0;0
1032;968980;3;0;0;0;0
1033;969980;3;0;0;0;0
1034;970980;3;0;0;0;0
1035;971980;3;0;0;0;0
1036;972980;3;0;0;0;0
1037;973980;3;0;0;0;0
1038;974980;3;0;0;0;0
1039;975980;3;0;0;0;0
1040;976980;3;0;0;0;0
1041;977980;3;0;0;0;0
1042;978982;3;0;0;0;0
1043;978989;2;0;0;0;0
1044;978998;1;0;1;0;0
1045;979017;2;0;1;0;0
1046;979025;1;0;0;0;0
1047;979980;3;0;0;0;0
1048;980980;3;0;0;0;0
1049;981980;3;0;0;0;0
1050;982980;3;0;0;0;0
1051;983980;3;0;0;0;0
1052;984980;3;0;0;0;0
1053;985980;3;0;0;0;0
1054;986980;3;0;0;0;0
1055;987980;3;0;0;0;0
1056;988980;3;0;0;0;0
1057;989980;3;0;0;0;0
1058;990980;3;0;0;0;0
1059;991980;3;0;0;0;0
1060;992980;3;0;0;0;0
1061;993980;3;0;0;0;0
1062;994980;3;0;0;0;0
1063;995980;3;0;0;0;0
1064;996980;3;0;0;0;0
1065;997980;3;0;0;0;0
1066;998982;3;0;0;0;0
1067;998989;2;0;0;0;0
1068;998998;1;0;1;0;0
1069;999017;2;0;1;0;0
1070;999025;1;0;0;0;0
1071;999980;3;0;0;0;0
1072;1000980;3;0;0;0;0
1073;1001980;3;0;0;0;0
1074;1002980;3;0;0;0;0
1075;1003980;3;0;0;0;0
1076;1004980;3;0;0;0;0
1077;1005980;3;0;0;0;0
1078;1006980;3;0;0;0;0
1079;1007980;3;0;0;0;0
1080;1008980;3;0;0;0;0
1081;1009980;3;0;0;0;0
1082;1010980;3;0;0;0;0
1083;1011980;3;0;0;0;0
1084;1012980;3;0;0;0;0
1085;1013980;3;0;0;0;0
1086;1014980;3;0;0;0;0
1087;1015980;3;0;0;0;0
1088;1016980;3;0;0;0;0
1089;1017980;3;0;0;0;0
1090;1018982;3;0;0;0;0
1091;1018989;2;0;0;0;0
1092;1018998;1;0;1;0;0
1093;1019017;2;0;1;0;0
1094;1019025;1;0;0;0;0
1095;1019980;3;0;0;0;0
1096;1020980;3;0;0;0;0
1097;1021980;3;0;0;0;0
1098;1022980;3;0;0;0;0
1099;1023980;3;0;0;0;0
1100;1024980;3;0;0;0;0
1101;1025980;3;0;0;0;0
1102;1026980;3;0;0;0;0
1103;1027980;3;0;0;0;0
1104;1028980;3;0;0;0;0
1105;1029980;3;0;0;0;0
1106;1030980;3;0;0;0;0
1107;1031980;3;0;0;0;0
1108;1032980;3;0;0;0;0
1109;1033980;3;0;0;0;0
1110;1034980;3;0;0;0;0
1111;1035980;3;0;0;0;0
1112;1036980;3;0;0;0;0
1113;1037982;3;0;0;0;0
1114;1037989;2;0;0;0;0
1115;1037998;1;0;1;1;0
1116;1038981;3;0;1;1;0
1117;1039979;3;0;1;1;0
1118;1040979;3;0;1;1;0
1119;1041979;3;0;1;1;0
1120;1042979;3;0;1;1;0
1121;1043979;3;0;1;1;0
1122;1044979;3;0;1;1;0
1123;1045979;3;0;1;1;0
1124;1046979;3;0;1;1;0
1125;1047979;3;0;1;1;0
1126;1048979;3;0;1;1;0
1127;1049979;3;0;1;1;0
1128;1050979;3;0;1;1;0
1129;1051979;3;0;1;1;0
1130;1052979;3;0;1;1;0
1131;1053390;2;0;1;1;0
1132;1053398;1;0;1;0;0
1133;1053417;2;0;1;0;0
1134;1053425;1;0;0;0;0
1135;1053982;3;0;0;0;0
1136;1053989;2;0;0;0;0
1137;1053998;1;0;1;2;0
1138;1054979;3;0;1;2;0
1139;1055979;3;0;1;2;0
1140;1056979;3;0;1;2;0
1141;1057979;3;0;1;2;0
1142;1058979;3;0;1;2;0
1143;1059979;3;0;1;2;0
1144;1060979;3;0;1;2;0
1145;1061979;3;0;1;2;0
1146;1062979;3;0;1;2;0
1147;1063979;3;0;1;2;0
1148;1064979;3;0;1;2;0
1149;1065979;3;0;1;2;0
1150;1066979;3;0;1;2;0
1151;1067979;3;0;1;2;0
1152;1068981;3;0;1;2;0
1153;1069393;2;0;1;2;0
1154;1069401;1;0;1;3;0
1155;1069979;3;0;1;3;0
1156;1070979;3;0;1;3;0
1157;1071979;3;0;1;3;0
1158;1072981;3;0;1;3;0
1159;1073979;3;0;1;3;0
1160;1074979;3;0;1;3;0
1161;1075979;3;0;1;3;0
1162;1076979;3;0;1;3;0
1163;1077979;3;0;1;3;0
1164;1078979;3;0;1;3;0
1165;1079979;3;0;1;3;0
1166;1080979;3;0;1;3;0
1167;1081979;3;0;1;3;0
1168;1082979;3;0;1;3;0
1169;1083979;3;0;1;3;0
1170;1084800;2;0;1;3;0
1171;1084808;1;0;1;0;0
1172;1084827;2;0;1;0;0
1173;1084836;1;0;0;0;0
1174;1084982;3;0;0;0;0
1175;1084989;2;0;0;0;0
1176;1084998;1;0;1;4;0
1177;1085979;3;0;1;4;0
1178;1086979;3;0;1;4;0
1179;1087979;3;0;1;4;0
1180;1088979;3;0;1;4;0
1181;1089979;3;0;1;4;0
1182;1090979;3;0;1;4;0
1183;1091979;3;0;1;4;0
1184;1092979;3;0;1;4;0
1185;1093979;3;0;1;4;0
1186;1094979;3;0;1;4;0
1187;1095979;3;0;1;4;0
1188;1096979;3;0;1;4;0
1189;1097979;3;0;1;4;0
1190;1098981;3;0;1;4;0
1191;1099134;2;0;1;4;0
1192;1099142;1;0;1;5;0
1193;1099979;3;0;1;5;0
1194;1100979;3;0;1;5;0
1195;1101979;3;0;1;5;0
1196;1102979;3;0;1;5;0
1197;1103981;3;0;1;5;0
1198;1104979;3;0;1;5;0
1199;1105979;3;0;1;5;0
1200;1106979;3;0;1;5;0
1201;1107979;3;0;1;5;0
1202;1108979;3;0;1;5;0
1203;1109979;3;0;1;5;0
1204;1110979;3;0;1;5;0
1205;1111979;3;0;1;5;0
1206;1112979;3;0;1;5;0
1207;1113979;3;0;1;5;0
1208;1114548;2;0;1;5;0
1209;1114556;1;0;1;0;0
1210;1114575;2;0;1;0;0
1211;1114584;1;0;0;0;0
1212;1114980;3;0;0;0;0
1213;1115980;3;0;0;0;0
1214;1116980;3;0;0;0;0
1215;1117980;3;0;0;0;0
1216;1118980;3;0;0;0;0
1217;1119980;3;0;0;0;0
1218;1120980;3;0;0;0;0
1219;1121980;3;0;0;0;0
1220;1122980;3;0;0;0;0
1221;1123980;3;0;0;0;0
1222;1124980;3;0;0;0;0
1223;1125980;3;0;0;0;0
1224;1126980;3;0;0;0;0
1225;1127980;3;0;0;0;0
1226;1128980;3;0;0;0;0
1227;1129980;3;0;0;0;0
1228;1130980;3;0;0;0;0
1229;1131980;3;0;0;0;0
1230;1132980;3;0;0;0;0
1231;1133982;3;0;0;0;0
1232;1133989;2;0;0;0;0
1233;1133998;1;0;1;0;0
1234;1134017;2;0;1;0;0
1235;1134025;1;0;0;0;0
1236;1134980;3;0;0;0;0
1237;1135980;3;0;0;0;0
1238;1136980;3;0;0;0;0
1239;1137980;3;0;0;0;0
1240;1138980;3;0;0;0;0
1241;1139980;3;0;0;0;0
1242;1140980;3;0;0;0;0
1243;1141980;3;0;0;0;0
1244;1142980;3;0;0;0;0
1245;1143980;3;0;0;0;0
1246;1144980;3;0;0;0;0
1247;1145980;3;0;0;0;0
1248;1146980;3;0;0;0;0
1249;1147980;3;0;0;0;0
1250;1148980;3;0;0;0;0
1251;1149980;3;0;0;0;0
1252;1150980;3;0;0;0;0
1253;1151980;3;0;0;0;0
1254;1152980;3;0;0;0;0
1255;1153982;3;0;0;0;0
1256;1153989;2;0;0;0;0
1257;1153998;1;0;1;0;0
1258;1154017;2;0;1;0;0
1259;1154025;1;0;0;0;0
1260;1154980;3;0;0;0;0
1261;1155980;3;0;0;0;0
1262;1156980;3;0;0;0;0
1263;1157980;3;0;0;0;0
1264;1158980;3;0;0;0;0
1265;1159980;3;0;0;0;0
1266;1160980;3;0;0;0;0
1267;1161980;3;0;0;0;0
1268;1162980;3;0;0;0;0
1269;1163980;3;0;0;0;0
1270;1164980;3;0;0;0;0
1271;1165980;3;0;0;0;0
1272;1166980;3;0;0;0;0
1273;1167980;3;0;0;0;0
1274;1168980;3;0;0;0;0
1275;1169980;3;0;0;0;0
1276;1170980;3;0;0;0;0
1277;1171980;3;0;0;0;0
1278;1172980;3;0;0;0;0
1279;1173982;3;0;0;0;0
1280;1173989;2;0;0;0;0
1281;1173998;1;0;1;0;0
1282;1174017;2;0;1;0;0
1283;1174025;1;0;0;0;0
1284;1174980;3;0;0;0;0
1285;1175980;3;0;0;0;0
1286;1176980;3;0;0;0;0
1287;1177980;3;0;0;0;0
1288;1178980;3;0;0;0;0
1289;1179980;3;0;0;0;0
1290;1180980;3;0;0;0;0
1291;1181980;3;0;0;0;0
1292;1182980;3;0;0;0;0
1293;1183980;3;0;0;0;0
1294;1184980;3;0;0;0;0
1295;1185980;3;0;0;0;0
1296;1186980;3;0;0;0;0
1297;1187980;3;0;0;0;0
1298;1188980;3;0;0;0;0
1299;1189980;3;0;0;0;0
1300;1190980;3;0;0;0;0
1301;1191980;3;0;0;0;0
1302;1192980;3;0;0;0;0
1303;1193982;3;0;0;0;0
1304;1193989;2;0;0;0;0
1305;1193998;1;0;1;0;0
1306;1194017;2;0;1;0;0
1307;1194025;1;0;0;0;0
1308;1194980;3;0;0;0;0
1309;1195980;3;0;0;0;0
1310;1196980;3;0;0;0;0
1311;1197980;3;0;0;0;0
1312;1198980;3;0;0;0;0
1313;1199980;3;0;0;0;0
1314;1200980;3;0;0;0;0
1315;1201980;3;0;0;0;0
1316;1202980;3;0;0;0;0
1317;1203980;3;0;0;0;0
1318;1204980;3;0;0;0;0
1319;1205980;3;0;0;0;0
1320;1206980;3;0;0;0;0
1321;1207980;3;0;0;0;0
1322;1208980;3;0;0;0;0
1323;1209980;3;0;0;0;0
1324;1210980;3;0;0;0;0
1325;1211980;3;0;0;0;0
1326;1212980;3;0;0;0;0
1327;1213982;3;0;0;0;0
1328;1213989;2;0;0;0;0
1329;1213998;1;0;1;0;0
1330;1214017;2;0;1;0;0
1331;1214025;1;0;0;0;0
1332;1214980;3;0;0;0;0
1333;1215980;3;0;0;0;0
1334;1216980;3;0;0;0;0
1335;1217980;3;0;0;0;0
1336;1218980;3;0;0;0;0
1337;1219980;3;0;0;0;0
1338;1220980;3;0;0;0;0
1339;1221980;3;0;0;0;0
1340;1222980;3;0;0;0;0
1341;1223980;3;0;0;0;0
1342;1224980;3;0;0;0;0
1343;1225980;3;0;0;0;0
1344;1226980;3;0;0;0;0
1345;1227980;3;0;0;0;0
1346;1228980;3;0;0;0;0
1347;1229980;3;0;0;0;0
1348;1230980;3;0;0;0;0
1349;1231980;3;0;0;0;0
1350;1232980;3;0;0;0;0
1351;1233982;3;0;0;0;0
1352;1233989;2;0;0;0;0
1353;1233998;1;0;1;0;0
1354;1234017;2;0;1;0;0
1355;1234025;1;0;0;0;0
1356;1234980;3;0;0;0;0
1357;1235980;3;0;0;0;0
1358;1236980;3;0;0;0;0
1359;1237980;3;0;0;0;0
1360;1238980;3;0;0;0;0
1361;1239980;3;0;0;0;0
1362;1240980;3;0;0;0;0
1363;1241980;3;0;0;0;0
1364;1242980;3;0;0;0;0
1365;1243980;3;0;0;0;0
1366;1244980;3;0;0;0;0
1367;1245980;3;0;0;0;0
1368;1246980;3;0;0;0;0
1369;1247980;3;0;0;0;0
1370;1248980;3;0;0;0;0
1371;1249980;3;0;0;0;0
1372;1250980;3;0;0;0;0
1373;1251980;3;0;0;0;0
1374;1252980;3;0;0;0;0
1375;1253982;3;0;0;0;0
1376;1253989;2;0;0;0;0
1377;1253998;1;0;1;0;0
1378;1254017;2;0;1;0;0
1379;1254025;1;0;0;0;0
1380;1254980;3;0;0;0;0
1381;1255980;3;0;0;0;0
1382;1256980;3;0;0;0;0
1383;1257980;3;0;0;0;0
1384;1258980;3;0;0;0;0
1385;1259980;3;0;0;0;0
1386;1260980;3;0;0;0;0
1387;1261980;3;0;0;0;0
1388;1262980;3;0;0;0;0
1389;1263980;3;0;0;0;0
1390;1264980;3;0;0;0;0
1391;1265980;3;0;0;0;0
1392;1266980;3;0;0;0;0
1393;1267980;3;0;0;0;0
1394;1268980;3;0;0;0;0
1395;1269980;3;0;0;0;0
1396;1270980;3;0;0;0;0
1397;1271980;3;0;0;0;0
1398;1272980;3;0;0;0;0
1399;1273982;3;0;0;0;0
1400;1273989;2;0;0;0;0
1401;1273998;1;0;1;0;0
1402;1274017;2;0;1;0;0
1403;1274025;1;0;0;0;0
1404;1274980;3;0;0;0;0
1405;1275980;3;0;0;0;0
1406;1276980;3;0;0;0;0
1407;1277980;3;0;0;0;0
1408;1278980;3;0;0;0;0
1409;1279980;3;0;0;0;0
1410;1280980;3;0;0;0;0
1411;1281980;3;0;0;0;0
1412;1282980;3;0;0;0;0
1413;1283980;3;0;0;0;0
1414;1284980;3;0;0;0;0
1415;1285980;3;0;0;0;0
1416;1286980;3;0;0;0;0
1417;1287980;3;0;0;0;0
1418;1288980;3;0;0;0;0
1419;1289980;3;0;0;0;0
1420;1290980;3;0;0;0;0
1421;1291980;3;0;0;0;0
1422;1292980;3;0;0;0;0
1423;1293982;3;0;0;0;0
1424;1293989;2;0;0;0;0
1425;1293998;1;0;1;0;0
1426;1294017;2;0;1;0;0
1427;1294025;1;0;0;0;0
1428;1294980;3;0;0;0;0
1429;1295980;3;0;0;0;0
1430;1296980;3;0;0;0;0
1431;1297980;3;0;0;0;0
1432;1298980;3;0;0;0;0
1433;1299980;3;0;0;0;0
1434;1300980;3;0;0;0;0
1435;1301980;3;0;0;0;0
1436;1302980;3;0;0;0;0
1437;1303980;3;0;0;0;0
1438;1304980;3;0;0;0;0
1439;1305980;3;0;0;0;0
1440;1306980;3;0;0;0;0
1441;1307980;3;0;0;0;0
1442;1308980;3;0;0;0;0
1443;1309980;3;0;0;0;0
1444;1310980;3;0;0;0;0
1445;1311980;3;0;0;0;0
1446;1312980;3;0;0;0;0
1447;1313982;3;0;0;0;0
1448;1313989;2;0;0;0;0
1449;1313998;1;0;1;0;0
1450;1314017;2;0;1;0;0
1451;1314025;1;0;0;0;0
1452;1314980;3;0;0;0;0
1453;1315980;3;0;0;0;0
1454;1316980;3;0;0;0;0
1455;1317980;3;0;0;0;0
1456;1318980;3;0;0;0;0
1457;1319980;3;0;0;0;0
1458;1320980;3;0;0;0;0
1459;1321980;3;0;0;0;0
1460;1322980;3;0;0;0;0
1461;1323980;3;0;0;0;0
1462;1324980;3;0;0;0;0
1463;1325980;3;0;0;0;0
1464;1326980;3;0;0;0;0
1465;1327980;3;0;0;0;0
1466;1328980;3;0;0;0;0
1467;1329980;3;0;0;0;0
1468;1330980;3;0;0;0;0
1469;1331980;3;0;0;0;0
1470;1332980;3;0;0;0;0
1471;1333982;3;0;0;0;0
1472;1333989;2;0;0;0;0
1473;1333998;1;0;1;0;0
1474;1334017;2;0;1;0;0
1475;1334025;1;0;0;0;0
1476;1334980;3;0;0;0;0
1477;1335980;3;0;0;0;0
1478;1336980;3;0;0;0;0
1479;1337980;3;0;0;0;0
1480;1338980;3;0;0;0;0
1481;1339980;3;0;0;0;0
1482;1340980;3;0;0;0;0
1483;1341980;3;0;0;0;0
1484;1342980;3;0;0;0;0
1485;1343980;3;0;0;0;0
1486;1344980;3;0;0;0;0
1487;1345980;3;0;0;0;0
1488;1346980;3;0;0;0;0
1489;1347980;3;0;0;0;0
1490;1348980;3;0;0;0;0
1491;1349980;3;0;0;0;0
1492;1350980;3;0;0;0;0
1493;1351980;3;0;0;0;0
1494;1352980;3;0;0;0;0
1495;1353982;3;0;0;0;0
1496;1353989;2;0;0;0;0
1497;1353998;1;0;1;0;0
1498;1354017;2;0;1;0;0
1499;1354025;1;0;0;0;0
1500;1354980;3;0;0;0;0
1501;1355980;3;0;0;0;0
1502;1356980;3;0;0;0;0
1503;1357980;3;0;0;0;0
1504;1358980;3;0;0;0;0
1505;1359980;3;0;0;0;0
1506;1360980;3;0;0;0;0
1507;1361980;3;0;0;0;0
1508;1362980;3;0;0;0;0
1509;1363980;3;0;0;0;0
1510;1364980;3;0;0;0;0
1511;1365980;3;0;0;0;0
1512;1366980;3;0;0;0;0
1513;1367980;3;0;0;0;0
1514;1368980;3;0;0;0;0
1515;1369980;3;0;0;0;0
1516;1370980;3;0;0;0;0
1517;1371980;3;0;0;0;0
1518;1372980;3;0;0;0;0
1519;1373982;3;0;0;0;0
1520;1373989;2;0;0;0;0
1521;1373998;1;0;1;0;0
1522;1374017;2;0;1;0;0
1523;1374025;1;0;0;0;0
1524;1374980;3;0;0;0;0
1525;1375980;3;0;0;0;0
1526;1376980;3;0;0;0;0
1527;1377980;3;0;0;0;0
1528;1378980;3;0;0;0;0
1529;1379980;3;0;0;0;0
1530;1380980;3;0;0;0;0
1531;1381980;3;0;0;0;0
1532;1382980;3;0;0;0;0
1533;1383980;3;0;0;0;0
1534;1384980;3;0;0;0;0
1535;1385980;3;0;0;0;0
1536;1386980;3;0;0;0;0
1537;1387980;3;0;0;0;0
1538;1388980;3;0;0;0;0
1539;1389980;3;0;0;0;0
1540;1390980;3;0;0;0;0
1541;1391980;3;0;0;0;0
1542;1392980;3;0;0;0;0
1543;1393982;3;0;0;0;0
1544;1393989;2;0;0;0;0
1545;1393998;1;0;1;0;0
1546;1394017;2;0;1;0;0
1547;1394025;1;0;0;0;0
1548;1394980;3;0;0;0;0
1549;1395980;3;0;0;0;0
1550;1396980;3;0;0;0;0
1551;1397980;3;0;0;0;0
1552;1398980;3;0;0;0;0
1553;1399980;3;0;0;0;0
1554;1400980;3;0;0;0;0
1555;1401980;3;0;0;0;0
1556;1402980;3;0;0;0;0
1557;1403980;3;0;0;0;0
1558;1404980;3;0;0;0;0
1559;1405980;3;0;0;0;0
1560;1406980;3;0;0;0;0
1561;1407980;3;0;0;0;0
1562;1408980;3;0;0;0;0
1563;1409980;3;0;0;0;0
1564;1410980;3;0;0;0;0
1565;1411980;3;0;0;0;0
1566;1412980;3;0;0;0;0
1567;1413982;3;0;0;0;0
1568;1413989;2;0;0;0;0
1569;1413998;1;0;1;0;0
1570;1414017;2;0;1;0;0
1571;1414025;1;0;0;0;0
1572;1414980;3;0;0;0;0
1573;1415980;3;0;0;0;0
1574;1416980;3;0;0;0;0
1575;1417980;3;0;0;0;0
1576;1418980;3;0;0;0;0
1577;1419980;3;0;0;0;0
1578;1420980;3;0;0;0;0
1579;1421980;3;0;0;0;0
1580;1422980;3;0;0;0;0
1581;1423980;3;0;0;0;0
1582;1424980;3;0;0;0;0
1583;1425980;3;0;0;0;0
1584;1426980;3;0;0;0;0
1585;1427980;3;0;0;0;0
1586;1428980;3;0;0;0;0
1587;1429980;3;0;0;0;0
1588;1430980;3;0;0;0;0
1589;1431980;3;0;0;0;0
1590;1432980;3;0;0;0;0
1591;1433982;3;0;0;0;0
1592;1433989;2;0;0;0;0
1593;1433998;1;0;1;0;0
1594;1434017;2;0;1;0;0
1595;1434025;1;0;0;0;0
1596;1434980;3;0;0;0;0
1597;1435980;3;0;0;0;0
1598;1436980;3;0;0;0;0
1599;1437980;3;0;0;0;0
1600;1438980;3;0;0;0;0
1601;1439980;3;0;0;0;0
1602;1440980;3;0;0;0;0
1603;1441980;3;0;0;0;0
1604;1442980;3;0;0;0;0
1605;1443980;3;0;0;0;0
1606;1444980;3;0;0;0;0
1607;1445980;3;0;0;0;0
1608;1446980;3;0;0;0;0
1609;1447980;3;0;0;0;0
1610;1448980;3;0;0;0;0
1611;1449980;3;0;0;0;0
1612;1450980;3;0;0;0;0
1613;1451980;3;0;0;0;0
1614;1452980;3;0;0;0;0
1615;1453982;3;0;0;0;0
1616;1453989;2;0;0;0;0
1617;1453998;1;0;1;0;0
1618;1454017;2;0;1;0;0
1619;1454025;1;0;0;0;0
1620;1454980;3;0;0;0;0
1621;1455980;3;0;0;0;0
1622;1456980;3;0;0;0;0
1623;1457980;3;0;0;0;0
1624;1458980;3;0;0;0;0
1625;1459980;3;0;0;0;0
1626;1460980;3;0;0;0;0
1627;1461980;3;0;0;0;0
1628;1462980;3;0;0;0;0
1629;1463980;3;0;0;0;0
1630;1464980;3;0;0;0;0
1631;1465980;3;0;0;0;0
1632;1466980;3;0;0;0;0
1633;1467980;3;0;0;0;0
1634;1468980;3;0;0;0;0
1635;1469980;3;0;0;0;0
1636;1470980;3;0;0;0;0
1637;1471980;3;0;0;0;0
1638;1472980;3;0;0;0;0
1639;1473982;3;0;0;0;0
1640;1473989;2;0;0;0;0
1641;1473998;1;0;1;0;0
1642;1474017;2;0;1;0;0
1643;1474025;1;0;0;0;0
1644;1474980;3;0;0;0;0
1645;1475980;3;0;0;0;0
1646;1476980;3;0;0;0;0
1647;1477980;3;0;0;0;0
1648;1478980;3;0;0;0;0
1649;1479980;3;0;0;0;0
1650;1480980;3;0;0;0;0
1651;1481980;3;0;0;0;0
1652;1482980;3;0;0;0;0
1653;1483980;3;0;0;0;0
1654;1484980;3;0;0;0;0
1655;1485980;3;0;0;0;0
1656;1486980;3;0;0;0;0
1657;1487980;3;0;0;0;0
1658;1488980;3;0;0;0;0
1659;1489980;3;0;0;0;0
1660;1490980;3;0;0;0;0
1661;1491980;3;0;0;0;0
1662;1492980;3;0;0;0;0
1663;1493982;3;0;0;0;0
1664;1493989;2;0;0;0;0
1665;1493998;1;0;1;0;0
1666;1494017;2;0;1;0;0
1667;1494025;1;0;0;0;0
1668;1494980;3;0;0;0;0
1669;1495980;3;0;0;0;0
1670;1496980;3;0;0;0;0
1671;1497980;3;0;0;0;0
1672;1498980;3;0;0;0;0
1673;1499980;3;0;0;0;0
1674;1500980;3;0;0;0;0
1675;1501980;3;0;0;0;0
1676;1502980;3;0;0;0;0
1677;1503980;3;0;0;0;0
1678;1504980;3;0;0;0;0
1679;1505980;3;0;0;0;0
1680;1506980;3;0;0;0;0
1681;1507980;3;0;0;0;0
1682;1508980;3;0;0;0;0
1683;1509980;3;0;0;0;0
1684;1510980;3;0;0;0;0
1685;1511980;3;0;0;0;0
1686;1512980;3;0;0;0;0
1687;1513982;3;0;0;0;0
1688;1513989;2;0;0;0;0
1689;1513998;1;0;1;0;0
1690;1514017;2;0;1;0;0
1691;1514025;1;0;0;0;0
1692;1514980;3;0;0;0;0
1693;1515980;3;0;0;0;0
1694;1516980;3;0;0;0;0
1695;1517980;3;0;0;0;0
1696;1518980;3;0;0;0;0
1697;1519980;3;0;0;0;0
1698;1520980;3;0;0;0;0
1699;1521980;3;0;0;0;0
1700;1522980;3;0;0;0;0
1701;1523980;3;0;0;0;0
1702;1524980;3;0;0;0;0
1703;1525980;3;0;0;0;0
1704;1526980;3;0;0;0;0
1705;1527980;3;0;0;0;0
1706;1528980;3;0;0;0;0
1707;1529980;3;0;0;0;0
1708;1530980;3;0;0;0;0
1709;1531980;3;0;0;0;0
1710;1532980;3;0;0;0;0
1711;1533982;3;0;0;0;0
1712;1533989;2;0;0;0;0
1713;1533998;1;0;1;0;0
1714;1534017;2;0;1;0;0
1715;1534026;1;0;0;0;0
1716;1534980;3;0;0;0;0
1717;1535980;3;0;0;0;0
1718;1536980;3;0;0;0;0
1719;1537982;3;0;0;0;0
1720;1537989;2;0;0;0;0
1721;1537998;1;0;1;1;0
1722;1538979;3;0;1;1;0
1723;1539979;3;0;1;1;0
1724;1540979;3;0;1;1;0
1725;1541979;3;0;1;1;0
1726;1542979;3;0;1;1;0
1727;1543979;3;0;1;1;0
1728;1544979;3;0;1;1;0
1729;1545979;3;0;1;1;0
1730;1546979;3;0;1;1;0
1731;1547979;3;0;1;1;0
1732;1548979;3;0;1;1;0
1733;1549979;3;0;1;1;0
1734;1550979;3;0;1;1;0
1735;1551979;3;0;1;1;0
1736;1552979;3;0;1;1;0
1737;1553388;2;0;1;1;0
1738;1553396;1;0;0;0;0
1739;1553984;3;0;0;0;0
1740;1553991;2;0;0;0;0
1741;1553999;1;0;1;2;0
1742;1554979;3;0;1;2;0
1743;1555979;3;0;1;2;0
1744;1556979;3;0;1;2;0
1745;1557979;3;0;1;2;0
1746;1558979;3;0;1;2;0
1747;1559979;3;0;1;2;0
1748;1560979;3;0;1;2;0
1749;1561979;3;0;1;2;0
1750;1562979;3;0;1;2;0
1751;1563979;3;0;1;2;0
1752;1564979;3;0;1;2;0
1753;1565979;3;0;1;2;0
1754;1566979;3;0;1;2;0
1755;1567979;3;0;1;2;0
1756;1568981;3;0;1;2;0
1757;1569395;2;0;1;2;0
1758;1569402;1;0;1;0;0
1759;1569422;2;0;1;0;0
1760;1569430;1;0;1;3;0
1761;1569979;3;0;1;3;0
1762;1570979;3;0;1;3;0
1763;1571979;3;0;1;3;0
1764;1572979;3;0;1;3;0
1765;1573979;3;0;1;3;0
1766;1574979;3;0;1;3;0
1767;1575979;3;0;1;3;0
1768;1576979;3;0;1;3;0
1769;1577979;3;0;1;3;0
1770;1578979;3;0;1;3;0
1771;1579979;3;0;1;3;0
1772;1580979;3;0;1;3;0
1773;1581979;3;0;1;3;0
1774;1582979;3;0;1;3;0
1775;1583979;3;0;1;3;0
1776;1584827;2;0;1;3;0
1777;1584835;1;0;0;0;0
1778;1584982;3;0;0;0;0
1779;1584989;2;0;0;0;0
1780;1584998;1;0;1;4;0
1781;1585979;3;0;1;4;0
1782;1586979;3;0;1;4;0
1783;1587979;3;0;1;4;0
1784;1588981;3;0;1;4;0
1785;1589979;3;0;1;4;0
1786;1590979;3;0;1;4;0
1787;1591979;3;0;1;4;0
1788;1592979;3;0;1;4;0
1789;1593979;3;0;1;4;0
1790;1594979;3;0;1;4;0
1791;1595979;3;0;1;4;0
1792;1596979;3;0;1;4;0
1793;1597979;3;0;1;4;0
1794;1598981;3;0;1;4;0
1795;1599136;2;0;1;4;0
1796;1599144;1;0;1;0;0
1797;1599163;2;0;1;0;0
1798;1599171;1;0;1;5;0
1799;1599979;3;0;1;5;0
1800;1600979;3;0;1;5;0
1801;1601979;3;0;1;5;0
1802;1602979;3;0;1;5;0
1803;1603979;3;0;1;5;0
1804;1604979;3;0;1;5;0
1805;1605979;3;0;1;5;0
1806;1606979;3;0;1;5;0
1807;1607979;3;0;1;5;0
1808;1608979;3;0;1;5;0
1809;1609979;3;0;1;5;0
1810;1610979;3;0;1;5;0
1811;1611979;3;0;1;5;0
1812;1612979;3;0;1;5;0
1813;1613979;3;0;1;5;0
1814;1614575;2;0;1;5;0
1815;1614583;1;0;0;0;0
1816;1614980;3;0;0;0;0
1817;1615980;3;0;0;0;0
1818;1616980;3;0;0;0;0
1819;1617980;3;0;0;0;0
1820;1618982;3;0;0;0;0
1821;1618989;2;0;0;0;0
1822;1618998;1;0;1;0;0
1823;1619017;2;0;1;0;0
1824;1619025;1;0;0;0;0
1825;1619980;3;0;0;0;0
1826;1620980;3;0;0;0;0
1827;1621980;3;0;0;0;0
1828;1622980;3;0;0;0;0
1829;1623980;3;0;0;0;0
1830;1624980;3;0;0;0;0
1831;1625980;3;0;0;0;0
1832;1626980;3;0;0;0;0
1833;1627980;3;0;0;0;0
1834;1628980;3;0;0;0;0
1835;1629980;3;0;0;0;0
1836;1630980;3;0;0;0;0
1837;1631980;3;0;0;0;0
1838;1632980;3;0;0;0;0
1839;1633980;3;0;0;0;0
1840;1634980;3;0;0;0;0
1841;1635980;3;0;0;0;0
1842;1636980;3;0;0;0;0
1843;1637980;3;0;0;0;0
1844;1638982;3;0;0;0;0
1845;1638989;2;0;0;0;0
1846;1638998;1;0;1;0;0
1847;1639017;2;0;1;0;0
1848;1639025;1;0;0;0;0
1849;1639980;3;0;0;0;0
1850;1640980;3;0;0;0;0
1851;1641980;3;0;0;0;0
1852;1642980;3;0;0;0;0
1853;1643980;3;0;0;0;0
1854;1644980;3;0;0;0;0
1855;1645980;3;0;0;0;0
1856;1646980;3;0;0;0;0
1857;1647980;3;0;0;0;0
1858;1648980;3;0;0;0;0
1859;1649980;3;0;0;0;0
1860;1650980;3;0;0;0;0
1861;1651980;3;0;0;0;0
1862;1652980;3;0;0;0;0
1863;1653980;3;0;0;0;0
1864;1654980;3;0;0;0;0
1865;1655980;3;0;0;0;0
1866;1656980;3;0;0;0;0
1867;1657980;3;0;0;0;0
1868;1658982;3;0;0;0;0
1869;1658989;2;0;0;0;0
1870;1658998;1;0;1;0;0
1871;1659017;2;0;1;0;0
1872;1659025;1;0;0;0;0
1873;1659980;3;0;0;0;0
1874;1660980;3;0;0;0;0
1875;1661980;3;0;0;0;0
1876;1662980;3;0;0;0;0
1877;1663980;3;0;0;0;0
1878;1664980;3;0;0;0;0
1879;1665980;3;0;0;0;0
1880;1666980;3;0;0;0;0
1881;1667980;3;0;0;0;0
1882;1668980;3;0;0;0;0
1883;1669980;3;0;0;0;0
1884;1670980;3;0;0;0;0
1885;1671980;3;0;0;0;0
1886;1672980;3;0;0;0;0
1887;1673980;3;0;0;0;0
1888;1674980;3;0;0;0;0
1889;1675980;3;0;0;0;0
1890;1676980;3;0;0;0;0
1891;1677980;3;0;0;0;0
1892;1678982;3;0;0;0;0
1893;1678989;2;0;0;0;0
1894;1678998;1;0;1;0;0
1895;1679017;2;0;1;0;0
1896;1679025;1;0;0;0;0
1897;1679980;3;0;0;0;0
1898;1680980;3;0;0;0;0
1899;1681980;3;0;0;0;0
1900;1682980;3;0;0;0;0
1901;1683980;3;0;0;0;0
1902;1684980;3;0;0;0;0
1903;1685980;3;0;0;0;0
1904;1686980;3;0;0;0;0
1905;1687980;3;0;0;0;0
1906;1688980;3;0;0;0;0
1907;1689980;3;0;0;0;0
1908;1690980;3;0;0;0;0
1909;1691980;3;0;0;0;0
1910;1692980;3;0;0;0;0
1911;1693980;3;0;0;0;0
1912;1694980;3;0;0;0;0
1913;1695980;3;0;0;0;0
1914;1696980;3;0;0;0;0
1915;1697980;3;0;0;0;0
1916;1698982;3;0;0;0;0
1917;1698989;2;0;0;0;0
1918;1698998;1;0;1;0;0
1919;1699017;2;0;1;0;0
1920;1699025;1;0;0;0;0
1921;1699980;3;0;0;0;0
1922;1700980;3;0;0;0;0
1923;1701980;3;0;0;0;0
1924;1702980;3;0;0;0;0
1925;1703980;3;0;0;0;0
1926;1704980;3;0;0;0;0
1927;1705980;3;0;0;0;0
1928;1706980;3;0;0;0;0
1929;1707980;3;0;0;0;0
1930;1708980;3;0;0;0;0
1931;1709980;3;0;0;0;0
1932;1710980;3;0;0;0;0
1933;1711980;3;0;0;0;0
1934;1712980;3;0;0;0;0
1935;1713980;3;0;0;0;0
1936;1714980;3;0;0;0;0
1937;1715980;3;0;0;0;0
1938;1716980;3;0;0;0;0
1939;1717980;3;0;0;0;0
1940;1718982;3;0;0;0;0
1941;1718989;2;0;0;0;0
1942;1718998;1;0;1;0;0
1943;1719017;2;0;1;0;0
1944;1719025;1;0;0;0;0
1945;1719980;3;0;0;0;0
1946;1720980;3;0;0;0;0
1947;1721980;3;0;0;0;0
1948;1722980;3;0;0;0;0
1949;1723980;3;0;0;0;0
1950;1724980;3;0;0;0;0
1951;1725980;3;0;0;0;0
1952;1726980;3;0;0;0;0
1953;1727980;3;0;0;0;0
1954;1728980;3;0;0;0;0
1955;1729980;3;0;0;0;0
1956;1730980;3;0;0;0;0
1957;1731980;3;0;0;0;0
1958;1732980;3;0;0;0;0
1959;1733980;3;0;0;0;0
1960;1734980;3;0;0;0;0
1961;1735980;3;0;0;0;0
1962;1736980;3;0;0;0;0
1963;1737980;3;0;0;0;0
1964;1738982;3;0;0;0;0
1965;1738989;2;0;0;0;0
1966;1738998;1;0;1;0;0
1967;1739017;2;0;1;0;0
1968;1739025;1;0;0;0;0
1969;1739980;3;0;0;0;0
1970;1740980;3;0;0;0;0
1971;1741980;3;0;0;0;0
1972;1742980;3;0;0;0;0
1973;1743980;3;0;0;0;0
1974;1744980;3;0;0;0;0
1975;1745980;3;0;0;0;0
1976;1746980;3;0;0;0;0
1977;1747980;3;0;0;0;0
1978;1748980;3;0;0;0;0
1979;1749980;3;0;0;0;0
1980;1750980;3;0;0;0;0
1981;1751980;3;0;0;0;0
1982;1752980;3;0;0;0;0
1983;1753980;3;0;0;0;0
1984;1754980;3;0;0;0;0
1985;1755980;3;0;0;0;0
1986;1756980;3;0;0;0;0
1987;1757980;3;0;0;0;0
1988;1758982;3;0;0;0;0
1989;1758989;2;0;0;0;0
1990;1758998;1;0;1;0;0
1991;1759017;2;0;1;0;0
1992;1759025;1;0;0;0;0
1993;1759980;3;0;0;0;0
1994;1760980;3;0;0;0;0
1995;1761980;3;0;0;0;0
1996;1762980;3;0;0;0;0
1997;1763980;3;0;0;0;0
1998;1764980;3;0;0;0;0
1999;1765980;3;0;0;0;0
2000;1766980;3;0;0;0;0
2001;1767980;3;0;0;0;0
2002;1768980;3;0;0;0;0
2003;1769980;3;0;0;0;0
2004;1770980;3;0;0;0;0
2005;1771980;3;0;0;0;0
2006;1772980;3;0;0;0;0
2007;1773980;3;0;0;0;0
2008;1774980;3;0;0;0;0
2009;1775980;3;0;0;0;0
2010;1776980;3;0;0;0;0
2011;1777980;3;0;0;0;0
2012;1778982;3;0;0;0;0
2013;1778989;2;0;0;0;0
2014;1778998;1;0;1;0;0
2015;1779017;2;0;1;0;0
2016;1779025;1;0;0;0;0
2017;1779980;3;0;0;0;0
2018;1780980;3;0;0;0;0
2019;1781980;3;0;0;0;0
2020;1782980;3;0;0;0;0
2021;1783980;3;0;0;0;0
2022;1784980;3;0;0;0;0
2023;1785980;3;0;0;0;0
2024;1786980;3;0;0;0;0
2025;1787980;3;0;0;0;0
2026;1788980;3;0;0;0;0
2027;1789980;3;0;0;0;0
2028;1790980;3;0;0;0;0
2029;1791980;3;0;0;0;0
2030;1792980;3;0;0;0;0
2031;1793980;3;0;0;0;0
2032;1794980;3;0;0;0;0
2033;1795980;3;0;0;0;0
2034;1796980;3;0;0;0;0
2035;1797980;3;0;0;0;0
2036;1798982;3;0;0;0;0
2037;1798989;2;0;0;0;0
2038;1798998;1;0;1;0;0
2039;1799017;2;0;1;0;0
2040;1799025;1;0;0;0;0
2041;1799980;3;0;0;0;0
2042;1800980;3;0;0;0;0
2043;1801980;3;0;0;0;0
2044;1802980;3;0;0;0;0
2045;1803980;3;0;0;0;0
2046;1804980;3;0;0;0;0
2047;1805980;3;0;0;0;0
2048;1806980;3;0;0;0;0
2049;1807980;3;0;0;0;0
2050;1808980;3;0;0;0;0
2051;1809980;3;0;0;0;0
2052;1810980;3;0;0;0;0
2053;1811980;3;0;0;0;0
2054;1812980;3;0;0;0;0
2055;1813980;3;0;0;0;0
2056;1814980;3;0;0;0;0
2057;1815980;3;0;0;0;0
2058;1816980;3;0;0;0;0
2059;1817980;3;0;0;0;0
2060;1818982;3;0;0;0;0
2061;1818989;2;0;0;0;0
2062;1818998;1;0;1;0;0
2063;1819017;2;0;1;0;0
2064;1819025;1;0;0;0;0
2065;1819980;3;0;0;0;0
2066;1820980;3;0;0;0;0
2067;1821980;3;0;0;0;0
2068;1822980;3;0;0;0;0
2069;1823980;3;0;0;0;0
2070;1824980;3;0;0;0;0
2071;1825980;3;0;0;0;0
2072;1826980;3;0;0;0;0
2073;1827980;3;0;0;0;0
2074;1828980;3;0;0;0;0
2075;1829980;3;0;0;0;0
2076;1830980;3;0;0;0;0
2077;1831980;3;0;0;0;0
2078;1832980;3;0;0;0;0
2079;1833980;3;0;0;0;0
2080;1834980;3;0;0;0;0
2081;1835980;3;0;0;0;0
2082;1836980;3;0;0;0;0
2083;1837980;3;0;0;0;0
2084;1838982;3;0;0;0;0
2085;1838989;2;0;0;0;0
2086;1838998;1;0;1;0;0
2087;1839017;2;0;1;0;0
2088;1839025;1;0;0;0;0
2089;1839980;3;0;0;0;0
2090;1840980;3;0;0;0;0
2091;1841980;3;0;0;0;0
2092;1842980;3;0;0;0;0
2093;1843980;3;0;0;0;0
2094;1844980;3;0;0;0;0
2095;1845980;3;0;0;0;0
2096;1846980;3;0;0;0;0
2097;1847980;3;0;0;0;0
2098;1848980;3;0;0;0;0
2099;1849980;3;0;0;0;0
2100;1850980;3;0;0;0;0
2101;1851980;3;0;0;0;0
2102;1852980;3;0;0;0;0
2103;1853980;3;0;0;0;0
2104;1854980;3;0;0;0;0
2105;1855980;3;0;0;0;0
2106;1856980;3;0;0;0;0
2107;1857980;3;0;0;0;0
2108;1858982;3;0;0;0;0
2109;1858989;2;0;0;0;0
2110;1858998;1;0;1;0;0
2111;1859017;2;0;1;0;0
2112;1859025;1;0;0;0;0
2113;1859980;3;0;0;0;0
2114;1860980;3;0;0;0;0
2115;1861980;3;0;0;0;0
2116;1862980;3;0;0;0;0
2117;1863980;3;0;0;0;0
2118;1864980;3;0;0;0;0
2119;1865980;3;0;0;0;0
2120;1866980;3;0;0;0;0
2121;1867980;3;0;0;0;0
2122;1868980;3;0;0;0;0
2123;1869980;3;0;0;0;0
2124;1870980;3;0;0;0;0
2125;1871980;3;0;0;0;0
2126;1872980;3;0;0;0;0
2127;1873980;3;0;0;0;0
2128;1874980;3;0;0;0;0
2129;1875980;3;0;0;0;0
2130;1876980;3;0;0;0;0
2131;1877980;3;0;0;0;0
2132;1878982;3;0;0;0;0
2133;1878989;2;0;0;0;0
2134;1878998;1;0;1;0;0
2135;1879017;2;0;1;0;0
2136;1879025;1;0;0;0;0
2137;1879980;3;0;0;0;0
2138;1880980;3;0;0;0;0
2139;1881980;3;0;0;0;0
2140;1882980;3;0;0;0;0
2141;1883980;3;0;0;0;0
2142;1884980;3;0;0;0;0
2143;1885980;3;0;0;0;0
2144;1886980;3;0;0;0;0
2145;1887980;3;0;0;0;0
2146;1888980;3;0;0;0;0
2147;1889980;3;0;0;0;0
2148;1890980;3;0;0;0;0
2149;1891980;3;0;0;0;0
2150;1892980;3;0;0;0;0
2151;1893980;3;0;0;0;0
2152;1894980;3;0;0;0;0
2153;1895980;3;0;0;0;0
2154;1896980;3;0;0;0;0
2155;1897980;3;0;0;0;0
2156;1898982;3;0;0;0;0
2157;1898989;2;0;0;0;0
2158;1898998;1;0;1;0;0
2159;1899017;2;0;1;0;0
2160;1899025;1;0;0;0;0
2161;1899980;3;0;0;0;0
2162;1900980;3;0;0;0;0
2163;1901980;3;0;0;0;0
2164;1902980;3;0;0;0;0
2165;1903980;3;0;0;0;0
2166;1904980;3;0;0;0;0
2167;1905980;3;0;0;0;0
2168;1906980;3;0;0;0;0
2169;1907980;3;0;0;0;0
2170;1908980;3;0;0;0;0
2171;1909980;3;0;0;0;0
2172;1910980;3;0;0;0;0
2173;1911980;3;0;0;0;0
2174;1912980;3;0;0;0;0
2175;1913980;3;0;0;0;0
2176;1914980;3;0;0;0;0
2177;1915980;3;0;0;0;0
2178;1916980;3;0;0;0;0
2179;1917980;3;0;0;0;0
2180;1918982;3;0;0;0;0
2181;1918989;2;0;0;0;0
2182;1918998;1;0;1;0;0
2183;1919017;2;0;1;0;0
2184;1919025;1;0;0;0;0
2185;1919980;3;0;0;0;0
2186;1920980;3;0;0;0;0
2187;1921980;3;0;0;0;0
2188;1922980;3;0;0;0;0
2189;1923980;3;0;0;0;0
2190;1924980;3;0;0;0;0
2191;1925980;3;0;0;0;0
2192;1926980;3;0;0;0;0
2193;1927980;3;0;0;0;0
2194;1928980;3;0;0;0;0
2195;1929980;3;0;0;0;0
2196;1930980;3;0;0;0;0
2197;1931980;3;0;0;0;0
2198;1932980;3;0;0;0;0
2199;1933980;3;0;0;0;0
2200;1934980;3;0;0;0;0
2201;1935980;3;0;0;0;0
2202;1936980;3;0;0;0;0
2203;1937980;3;0;0;0;0
2204;1938982;3;0;0;0;0
2205;1938989;2;0;0;0;0
2206;1938998;1;0;1;0;0
2207;1939017;2;0;1;0;0
2208;1939025;1;0;0;0;0
2209;1939980;3;0;0;0;0
2210;1940980;3;0;0;0;0
2211;1941980;3;0;0;0;0
2212;1942980;3;0;0;0;0
2213;1943980;3;0;0;0;0
2214;1944980;3;0;0;0;0
2215;1945980;3;0;0;0;0
2216;1946980;3;0;0;0;0
2217;1947980;3;0;0;0;0
2218;1948980;3;0;0;0;0
2219;1949980;3;0;0;0;0
2220;1950980;3;0;0;0;0
2221;1951980;3;0;0;0;0
2222;1952980;3;0;0;0;0
2223;1953980;3;0;0;0;0
2224;1954980;3;0;0;0;0
2225;1955980;3;0;0;0;0
2226;1956980;3;0;0;0;0
2227;1957980;3;0;0;0;0
2228;1958982;3;0;0;0;0
2229;1958989;2;0;0;0;0
2230;1958998;1;0;1;0;0
2231;1959017;2;0;1;0;0
2232;1959025;1;0;0;0;0
2233;1959980;3;0;0;0;0
2234;1960980;3;0;0;0;0
2235;1961980;3;0;0;0;0
2236;1962980;3;0;0;0;0
2237;1963980;3;0;0;0;0
2238;1964980;3;0;0;0;0
2239;1965980;3;0;0;0;0
2240;1966980;3;0;0;0;0
2241;1967980;3;0;0;0;0
2242;1968980;3;0;0;0;0
2243;1969980;3;0;0;0;0
2244;1970980;3;0;0;0;0
2245;1971980;3;0;0;0;0
2246;1972980;3;0;0;0;0
2247;1973980;3;0;0;0;0
2248;1974980;3;0;0;0;0
2249;1975980;3;0;0;0;0
2250;1976980;3;0;0;0;0
2251;1977980;3;0;0;0;0
2252;1978982;3;0;0;0;0
2253;1978989;2;0;0;0;0
2254;1978998;1;0;1;0;0
2255;1979017;2;0;1;0;0
2256;1979025;1;0;0;0;0
2257;1979980;3;0;0;0;0
2258;1980980;3;0;0;0;0
2259;1981980;3;0;0;0;0
2260;1982980;3;0;0;0;0
2261;1983980;3;0;0;0;0
2262;1984980;3;0;0;0;0
2263;1985980;3;0;0;0;0
2264;1986980;3;0;0;0;0
2265;1987980;3;0;0;0;0
2266;1988980;3;0;0;0;0
2267;1989980;3;0;0;0;0
2268;1990980;3;0;0;0;0
2269;1991980;3;0;0;0;0
2270;1992980;3;0;0;0;0
2271;1993980;3;0;0;0;0
2272;1994980;3;0;0;0;0
2273;1995980;3;0;0;0;0
2274;1996980;3;0;0;0;0
2275;1997980;3;0;0;0;0
2276;1998982;3;0;0;0;0
2277;1998989;2;0;0;0;0
2278;1998998;1;0;1;0;0
2279;1999017;2;0;1;0;0
2280;1999025;1;0;0;0;0
2281;1999980;3;0;0;0;0
2282;2000980;3;0;0;0;0
2283;2001980;3;0;0;0;0
2284;2002980;3;0;0;0;0
2285;2003980;3;0;0;0;0
2286;2004980;3;0;0;0;0
2287;2005980;3;0;0;0;0
2288;2006980;3;0;0;0;0
2289;2007980;3;0;0;0;0
2290;2008980;3;0;0;0;0
2291;2009980;3;0;0;0;0
2292;2010980;3;0;0;0;0
2293;2011980;3;0;0;0;0
2294;2012980;3;0;0;0;0
2295;2013980;3;0;0;0;0
2296;2014980;3;0;0;0;0
2297;2015980;3;0;0;0;0
2298;2016980;3;0;0;0;0
2299;2017980;3;0;0;0;0
2300;2018982;3;0;0;0;0
2301;2018989;2;0;0;0;0
2302;2018998;1;0;1;0;0
2303;2019017;2;0;1;0;0
2304;2019025;1;0;0;0;0
2305;2019980;3;0;0;0;0
2306;2020980;3;0;0;0;0
2307;2021980;3;0;0;0;0
2308;2022980;3;0;0;0;0
2309;2023980;3;0;0;0;0
2310;2024980;3;0;0;0;0
2311;2025980;3;0;0;0;0
2312;2026980;3;0;0;0;0
2313;2027980;3;0;0;0;0
2314;2028980;3;0;0;0;0
2315;2029980;3;0;0;0;0
2316;2030980;3;0;0;0;0
2317;2031980;3;0;0;0;0
2318;2032980;3;0;0;0;0
2319;2033980;3;0;0;0;0
2320;2034980;3;0;0;0;0
2321;2035980;3;0;0;0;0
2322;2036980;3;0;0;0;0
2323;2037982;3;0;0;0;0
2324;2037989;2;0;0;0;0
2325;2037998;1;0;1;1;0
2326;2038981;3;0;1;1;0
2327;2039979;3;0;1;1;0
2328;2040979;3;0;1;1;0
2329;2041979;3;0;1;1;0
2330;2042979;3;0;1;1;0
2331;2043979;3;0;1;1;0
2332;2044979;3;0;1;1;0
2333;2045979;3;0;1;1;0
2334;2046979;3;0;1;1;0
2335;2047979;3;0;1;1;0
2336;2048979;3;0;1;1;0
2337;2049979;3;0;1;1;0
2338;2050979;3;0;1;1;0
2339;2051979;3;0;1;1;0
2340;2052979;3;0;1;1;0
2341;2053390;2;0;1;1;0
2342;2053398;1;0;1;0;0
2343;2053417;2;0;1;0;0
2344;2053425;1;0;0;0;0
2345;2053982;3;0;0;0;0
2346;2053989;2;0;0;0;0
2347;2053998;1;0;1;2;0
2348;2054979;3;0;1;2;0
2349;2055979;3;0;1;2;0
2350;2056979;3;0;1;2;0
2351;2057979;3;0;1;2;0
2352;2058979;3;0;1;2;0
2353;2059979;3;0;1;2;0
2354;2060979;3;0;1;2;0
2355;2061979;3;0;1;2;0
2356;2062979;3;0;1;2;0
2357;2063979;3;0;1;2;0
2358;2064979;3;0;1;2;0
2359;2065979;3;0;1;2;0
2360;2066979;3;0;1;2;0
2361;2067979;3;0;1;2;0
2362;2068981;3;0;1;2;0
2363;2069393;2;0;1;2;0
2364;2069401;1;0;1;3;0
2365;2069979;3;0;1;3;0
2366;2070979;3;0;1;3;0
2367;2071979;3;0;1;3;0
2368;2072981;3;0;1;3;0
2369;2073979;3;0;1;3;0
2370;2074979;3;0;1;3;0
2371;2075979;3;0;1;3;0
2372;2076979;3;0;1;3;0
2373;2077979;3;0;1;3;0
2374;2078979;3;0;1;3;0
2375;2079979;3;0;1;3;0
2376;2080979;3;0;1;3;0
2377;2081979;3;0;1;3;0
2378;2082979;3;0;1;3;0
2379;2083979;3;0;1;3;0
2380;2084800;2;0;1;3;0
2381;2084808;1;0;1;0;0
2382;2084827;2;0;1;0;0
2383;2084836;1;0;0;0;0
2384;2084982;3;0;0;0;0
2385;2084989;2;0;0;0;0
2386;2084998;1;0;1;4;0
2387;2085979;3;0;1;4;0
2388;2086979;3;0;1;4;0
2389;2087979;3;0;1;4;0
2390;2088979;3;0;1;4;0
2391;2089979;3;0;1;4;0
2392;2090979;3;0;1;4;0
2393;2091979;3;0;1;4;0
2394;2092979;3;0;1;4;0
2395;2093979;3;0;1;4;0
2396;2094979;3;0;1;4;0
2397;2095979;3;0;1;4;0
2398;2096979;3;0;1;4;0
2399;2097979;3;0;1;4;0
2400;2098981;3;0;1;4;0
2401;2099134;2;0;1;4;0
2402;2099142;1;0;1;5;0
2403;2099979;3;0;1;5;0
2404;2100979;3;0;1;5;0
2405;2101979;3;0;1;5;0
2406;2102979;3;0;1;5;0
2407;2103981;3;0;1;5;0
2408;2104979;3;0;1;5;0
2409;2105979;3;0;1;5;0
2410;2106979;3;0;1;5;0
2411;2107979;3;0;1;5;0
2412;2108979;3;0;1;5;0
2413;2109979;3;0;1;5;0
2414;2110979;3;0;1;5;0
2415;2111979;3;0;1;5;0
2416;2112979;3;0;1;5;0
2417;2113979;3;0;1;5;0
2418;2114548;2;0;1;5;0
2419;2114556;1;0;1;0;0
2420;2114575;2;0;1;0;0
2421;2114584;1;0;0;0;0
2422;2114980;3;0;0;0;0
2423;2115980;3;0;0;0;0
2424;2116980;3;0;0;0;0
2425;2117980;3;0;0;0;0
2426;2118980;3;0;0;0;0
2427;2119980;3;0;0;0;0
2428;2120980;3;0;0;0;0
2429;2121980;3;0;0;0;0
2430;2122980;3;0;0;0;0
2431;2123980;3;0;0;0;0
2432;2124980;3;0;0;0;0
2433;2125980;3;0;0;0;0
2434;2126980;3;0;0;0;0
2435;2127980;3;0;0;0;0
2436;2128980;3;0;0;0;0
2437;2129980;3;0;0;0;0
2438;2130980;3;0;0;0;0
2439;2131980;3;0;0;0;0
2440;2132980;3;0;0;0;0
2441;2133982;3;0;0;0;0
2442;2133989;2;0;0;0;0
2443;2133998;1;0;1;0;0
2444;2134017;2;0;1;0;0
2445;2134025;1;0;0;0;0
2446;2134980;3;0;0;0;0
2447;2135980;3;0;0;0;0
2448;2136980;3;0;0;0;0
2449;2137980;3;0;0;0;0
2450;2138980;3;0;0;0;0
2451;2139980;3;0;0;0;0
2452;2140980;3;0;0;0;0
2453;2141980;3;0;0;0;0
2454;2142980;3;0;0;0;0
2455;2143980;3;0;0;0;0
2456;2144980;3;0;0;0;0
2457;2145980;3;0;0;0;0
2458;2146980;3;0;0;0;0
2459;2147980;3;0;0;0;0
2460;2148980;3;0;0;0;0
2461;2149980;3;0;0;0;0
2462;2150980;3;0;0;0;0
2463;2151980;3;0;0;0;0
2464;2152980;3;0;0;0;0
2465;2153982;3;0;0;0;0
2466;2153989;2;0;0;0;0
2467;2153998;1;0;1;0;0
2468;2154017;2;0;1;0;0
2469;2154025;1;0;0;0;0
2470;2154980;3;0;0;0;0
2471;2155980;3;0;0;0;0
2472;2156980;3;0;0;0;0
2473;2157980;3;0;0;0;0
2474;2158980;3;0;0;0;0
2475;2159980;3;0;0;0;0
2476;2160980;3;0;0;0;0
2477;2161980;3;0;0;0;0
2478;2162980;3;0;0;0;0
2479;2163980;3;0;0;0;0
2480;2164980;3;0;0;0;0
2481;2165980;3;0;0;0;0
2482;2166980;3;0;0;0;0
2483;2167980;3;0;0;0;0
2484;2168980;3;0;0;0;0
2485;2169980;3;0;0;0;0
2486;2170980;3;0;0;0;0
2487;2171980;3;0;0;0;0
2488;2172980;3;0;0;0;0
2489;2173982;3;0;0;0;0
2490;2173989;2;0;0;0;0
2491;2173998;1;0;1;0;0
2492;2174017;2;0;1;0;0
2493;2174025;1;0;0;0;0
2494;2174980;3;0;0;0;0
2495;2175980;3;0;0;0;0
2496;2176980;3;0;0;0;0
2497;2177980;3;0;0;0;0
2498;2178980;3;0;0;0;0
2499;2179980;3;0;0;0;0
2500;2180980;3;0;0;0;0
2501;2181980;3;0;0;0;0
2502;2182980;3;0;0;0;0
2503;2183980;3;0;0;0;0
2504;2184980;3;0;0;0;0
2505;2185980;3;0;0;0;0
2506;2186980;3;0;0;0;0
2507;2187980;3;0;0;0;0
2508;2188980;3;0;0;0;0
2509;2189980;3;0;0;0;0
2510;2190980;3;0;0;0;0
2511;2191980;3;0;0;0;0
2512;2192980;3;0;0;0;0
2513;2193982;3;0;0;0;0
2514;2193989;2;0;0;0;0
2515;2193998;1;0;1;0;0
2516;2194017;2;0;1;0;0
2517;2194025;1;0;0;0;0
2518;2194980;3;0;0;0;0
2519;2195980;3;0;0;0;0
2520;2196980;3;0;0;0;0
2521;2197980;3;0;0;0;0
2522;2198980;3;0;0;0;0
2523;2199980;3;0;0;0;0
2524;2200980;3;0;0;0;0
2525;2201980;3;0;0;0;0
2526;2202980;3;0;0;0;0
2527;2203980;3;0;0;0;0
2528;2204980;3;0;0;0;0
2529;2205980;3;0;0;0;0
2530;2206980;3;0;0;0;0
2531;2207980;3;0;0;0;0
2532;2208980;3;0;0;0;0
2533;2209980;3;0;0;0;0
2534;2210980;3;0;0;0;0
2535;2211980;3;0;0;0;0
2536;2212980;3;0;0;0;0
2537;2213982;3;0;0;0;0
2538;2213989;2;0;0;0;0
2539;2213998;1;0;1;0;0
2540;2214017;2;0;1;0;0
2541;2214025;1;0;0;0;0
2542;2214980;3;0;0;0;0
2543;2215980;3;0;0;0;0
2544;2216980;3;0;0;0;0
2545;2217980;3;0;0;0;0
2546;2218980;3;0;0;0;0
2547;2219980;3;0;0;0;0
2548;2220980;3;0;0;0;0
2549;2221980;3;0;0;0;0
2550;2222980;3;0;0;0;0
2551;2223980;3;0;0;0;0
2552;2224980;3;0;0;0;0
2553;2225980;3;0;0;0;0
2554;2226980;3;0;0;0;0
2555;2227980;3;0;0;0;0
2556;2228980;3;0;0;0;0
2557;2229980;3;0;0;0;0
2558;2230980;3;0;0;0;0
2559;2231980;3;0;0;0;0
2560;2232980;3;0;0;0;0
2561;2233982;3;0;0;0;0
2562;2233989;2;0;0;0;0
2563;2233998;1;0;1;0;0
2564;2234017;2;0;1;0;0
2565;2234025;1;0;0;0;0
2566;2234980;3;0;0;0;0
2567;2235980;3;0;0;0;0
2568;2236980;3;0;0;0;0
2569;2237980;3;0;0;0;0
2570;2238980;3;0;0;0;0
2571;2239980;3;0;0;0;0
2572;2240980;3;0;0;0;0
2573;2241980;3;0;0;0;0
2574;2242980;3;0;0;0;0
2575;2243980;3;0;0;0;0
2576;2244980;3;0;0;0;0
2577;2245980;3;0;0;0;0
2578;2246980;3;0;0;0;0
2579;2247980;3;0;0;0;0
2580;2248980;3;0;0;0;0
2581;2249980;3;0;0;0;0
2582;2250980;3;0;0;0;0
2583;2251980;3;0;0;0;0
2584;2252980;3;0;0;0;0
2585;2253982;3;0;0;0;0
2586;2253989;2;0;0;0;0
2587;2253998;1;0;1;0;0
2588;2254017;2;0;1;0;0
2589;2254025;1;0;0;0;0
2590;2254980;3;0;0;0;0
2591;2255980;3;0;0;0;0
2592;2256980;3;0;0;0;0
2593;2257980;3;0;0;0;0
2594;2258980;3;0;0;0;0
2595;2259980;3;0;0;0;0
2596;2260980;3;0;0;0;0
2597;2261980;3;0;0;0;0
2598;2262980;3;0;0;0;0
2599;2263980;3;0;0;0;0
2600;2264980;3;0;0;0;0
2601;2265980;3;0;0;0;0
2602;2266980;3;0;0;0;0
2603;2267980;3;0;0;0;0
2604;2268980;3;0;0;0;0
2605;2269980;3;0;0;0;0
2606;2270980;3;0;0;0;0
2607;2271980;3;0;0;0;0
2608;2272980;3;0;0;0;0
2609;2273982;3;0;0;0;0
2610;2273989;2;0;0;0;0
2611;2273998;1;0;1;0;0
2612;2274017;2;0;1;0;0
2613;2274025;1;0;0;0;0
2614;2274980;3;0;0;0;0
2615;2275980;3;0;0;0;0
2616;2276980;3;0;0;0;0
2617;2277980;3;0;0;0;0
2618;2278980;3;0;0;0;0
2619;2279980;3;0;0;0;0
2620;2280980;3;0;0;0;0
2621;2281980;3;0;0;0;0
2622;2282980;3;0;0;0;0
2623;2283980;3;0;0;0;0
2624;2284980;3;0;0;0;0
2625;2285980;3;0;0;0;0
2626;2286980;3;0;0;0;0
2627;2287980;3;0;0;0;0
2628;2288980;3;0;0;0;0
2629;2289980;3;0;0;0;0
2630;2290980;3;0;0;0;0
2631;2291980;3;0;0;0;0
2632;2292980;3;0;0;0;0
2633;2293982;3;0;0;0;0
2634;2293989;2;0;0;0;0
2635;2293998;1;0;1;0;0
2636;2294017;2;0;1;0;0
2637;2294025;1;0;0;0;0
2638;2294980;3;0;0;0;0
2639;2295980;3;0;0;0;0
2640;2296980;3;0;0;0;0
2641;2297980;3;0;0;0;0
2642;2298980;3;0;0;0;0
2643;2299980;3;0;0;0;0
2644;2300980;3;0;0;0;0
2645;2301980;3;0;0;0;0
2646;2302980;3;0;0;0;0
2647;2303980;3;0;0;0;0
2648;2304980;3;0;0;0;0
2649;2305980;3;0;0;0;0
2650;2306980;3;0;0;0;0
2651;2307980;3;0;0;0;0
2652;2308980;3;0;0;0;0
2653;2309980;3;0;0;0;0
2654;2310980;3;0;0;0;0
2655;2311980;3;0;0;0;0
2656;2312980;3;0;0;0;0
2657;2313982;3;0;0;0;0
2658;2313989;2;0;0;0;0
2659;2313998;1;0;1;0;0
2660;2314017;2;0;1;0;0
2661;2314025;1;0;0;0;0
2662;2314980;3;0;0;0;0
2663;2315980;3;0;0;0;0
2664;2316980;3;0;0;0;0
2665;2317980;3;0;0;0;0
2666;2318980;3;0;0;0;0
2667;2319980;3;0;0;0;0
2668;2320980;3;0;0;0;0
2669;2321980;3;0;0;0;0
2670;2322980;3;0;0;0;0
2671;2323980;3;0;0;0;0
2672;2324980;3;0;0;0;0
2673;2325980;3;0;0;0;0
2674;2326980;3;0;0;0;0
2675;2327980;3;0;0;0;0
2676;2328980;3;0;0;0;0
2677;2329980;3;0;0;0;0
2678;2330980;3;0;0;0;0
2679;2331980;3;0;0;0;0
2680;2332980;3;0;0;0;0
2681;2333982;3;0;0;0;0
2682;2333989;2;0;0;0;0
2683;2333998;1;0;1;0;0
2684;2334017;2;0;1;0;0
2685;2334025;1;0;0;0;0
2686;2334980;3;0;0;0;0
2687;2335980;3;0;0;0;0
2688;2336980;3;0;0;0;0
2689;2337980;3;0;0;0;0
2690;2338980;3;0;0;0;0
2691;2339980;3;0;0;0;0
2692;2340980;3;0;0;0;0
2693;2341980;3;0;0;0;0
2694;2342980;3;0;0;0;0
2695;2343980;3;0;0;0;0
2696;2344980;3;0;0;0;0
2697;2345980;3;0;0;0;0
2698;2346980;3;0;0;0;0
2699;2347980;3;0;0;0;0
2700;2348980;3;0;0;0;0
2701;2349980;3;0;0;0;0
2702;2350980;3;0;0;0;0
2703;2351980;3;0;0;0;0
2704;2352980;3;0;0;0;0
2705;2353982;3;0;0;0;0
2706;2353989;2;0;0;0;0
2707;2353998;1;0;1;0;0
2708;2354017;2;0;1;0;0
2709;2354025;1;0;0;0;0
2710;2354980;3;0;0;0;0
2711;2355980;3;0;0;0;0
2712;2356980;3;0;0;0;0
2713;2357980;3;0;0;0;0
2714;2358980;3;0;0;0;0
2715;2359980;3;0;0;0;0
2716;2360980;3;0;0;0;0
2717;2361980;3;0;0;0;0
2718;2362980;3;0;0;0;0
2719;2363980;3;0;0;0;0
2720;2364980;3;0;0;0;0
2721;2365980;3;0;0;0;0
2722;2366980;3;0;0;0;0
2723;2367980;3;0;0;0;0
2724;2368980;3;0;0;0;0
2725;2369980;3;0;0;0;0
2726;2370980;3;0;0;0;0
2727;2371980;3;0;0;0;0
2728;2372980;3;0;0;0;0
2729;2373982;3;0;0;0;0
2730;2373989;2;0;0;0;0
2731;2373998;1;0;1;0;0
2732;2374017;2;0;1;0;0
2733;2374025;1;0;0;0;0
2734;2374980;3;0;0;0;0
2735;2375980;3;0;0;0;0
2736;2376980;3;0;0;0;0
2737;2377980;3;0;0;0;0
2738;2378980;3;0;0;0;0
2739;2379980;3;0;0;0;0
2740;2380980;3;0;0;0;0
2741;2381980;3;0;0;0;0
2742;2382980;3;0;0;0;0
2743;2383980;3;0;0;0;0
2744;2384980;3;0;0;0;0
2745;2385980;3;0;0;0;0
2746;2386980;3;0;0;0;0
2747;2387980;3;0;0;0;0
2748;2388980;3;0;0;0;0
2749;2389980;3;0;0;0;0
2750;2390980;3;0;0;0;0
2751;2391980;3;0;0;0;0
2752;2392980;3;0;0;0;0
2753;2393982;3;0;0;0;0
2754;2393989;2;0;0;0;0
2755;2393998;1;0;1;0;0
2756;2394017;2;0;1;0;0
2757;2394025;1;0;0;0;0
2758;2394980;3;0;0;0;0
2759;2395980;3;0;0;0;0
2760;2396980;3;0;0;0;0
2761;2397980;3;0;0;0;0
2762;2398980;3;0;0;0;0
2763;2399980;3;0;0;0;0
2764;2400980;3;0;0;0;0
2765;2401980;3;0;0;0;0
2766;2402980;3;0;0;0;0
2767;2403980;3;0;0;0;0
2768;2404980;3;0;0;0;0
2769;2405980;3;0;0;0;0
2770;2406980;3;0;0;0;0
2771;2407980;3;0;0;0;0
2772;2408980;3;0;0;0;0
2773;2409980;3;0;0;0;0
2774;2410980;3;0;0;0;0
2775;2411980;3;0;0;0;0
2776;2412980;3;0;0;0;0
2777;2413982;3;0;0;0;0
2778;2413989;2;0;0;0;0
2779;2413998;1;0;1;0;0
2780;2414017;2;0;1;0;0
2781;2414025;1;0;0;0;0
2782;2414980;3;0;0;0;0
2783;2415980;3;0;0;0;0
2784;2416980;3;0;0;0;0
2785;2417980;3;0;0;0;0
2786;2418980;3;0;0;0;0
2787;2419980;3;0;0;0;0
2788;2420980;3;0;0;0;0
2789;2421980;3;0;0;0;0
2790;2422980;3;0;0;0;0
2791;2423980;3;0;0;0;0
2792;2424980;3;0;0;0;0
2793;2425980;3;0;0;0;0
2794;2426980;3;0;0;0;0
2795;2427980;3;0;0;0;0
2796;2428980;3;0;0;0;0
2797;2429980;3;0;0;0;0
2798;2430980;3;0;0;0;0
2799;2431980;3;0;0;0;0
2800;2432980;3;0;0;0;0
2801;2433982;3;0;0;0;0
2802;2433989;2;0;0;0;0
2803;2433998;1;0;1;0;0
2804;2434017;2;0;1;0;0
2805;2434025;1;0;0;0;0
2806;2434980;3;0;0;0;0
2807;2435980;3;0;0;0;0
2808;2436980;3;0;0;0;0
2809;2437980;3;0;0;0;0
2810;2438980;3;0;0;0;0
2811;2439980;3;0;0;0;0
2812;2440980;3;0;0;0;0
2813;2441980;3;0;0;0;0
2814;2442980;3;0;0;0;0
2815;2443980;3;0;0;0;0
2816;2444980;3;0;0;0;0
2817;2445980;3;0;0;0;0
2818;2446980;3;0;0;0;0
2819;2447980;3;0;0;0;0
2820;2448980;3;0;0;0;0
2821;2449980;3;0;0;0;0
2822;2450980;3;0;0;0;0
2823;2451980;3;0;0;0;0
2824;2452980;3;0;0;0;0
2825;2453982;3;0;0;0;0
2826;2453989;2;0;0;0;0
2827;2453998;1;0;1;0;0
2828;2454017;2;0;1;0;0
2829;2454025;1;0;0;0;0
2830;2454980;3;0;0;0;0
2831;2455980;3;0;0;0;0
2832;2456980;3;0;0;0;0
2833;2457980;3;0;0;0;0
2834;2458980;3;0;0;0;0
2835;2459980;3;0;0;0;0
2836;2460980;3;0;0;0;0
2837;2461980;3;0;0;0;0
2838;2462980;3;0;0;0;0
2839;2463980;3;0;0;0;0
2840;2464980;3;0;0;0;0
2841;2465980;3;0;0;0;0
2842;2466980;3;0;0;0;0
2843;2467980;3;0;0;0;0
2844;2468980;3;0;0;0;0
2845;2469980;3;0;0;0;0
2846;2470980;3;0;0;0;0
2847;2471980;3;0;0;0;0
2848;2472980;3;0;0;0;0
2849;2473982;3;0;0;0;0
2850;2473989;2;0;0;0;0
2851;2473998;1;0;1;0;0
2852;2474017;2;0;1;0;0
2853;2474025;1;0;0;0;0
2854;2474980;3;0;0;0;0
2855;2475980;3;0;0;0;0
2856;2476980;3;0;0;0;0
2857;2477980;3;0;0;0;0
2858;2478980;3;0;0;0;0
2859;2479980;3;0;0;0;0
2860;2480980;3;0;0;0;0
2861;2481980;3;0;0;0;0
2862;2482980;3;0;0;0;0
2863;2483980;3;0;0;0;0
2864;2484980;3;0;0;0;0
2865;2485980;3;0;0;0;0
2866;2486980;3;0;0;0;0
2867;2487980;3;0;0;0;0
2868;2488980;3;0;0;0;0
2869;2489980;3;0;0;0;0
2870;2490980;3;0;0;0;0
2871;2491980;3;0;0;0;0
2872;2492980;3;0;0;0;0
2873;2493982;3;0;0;0;0
2874;2493989;2;0;0;0;0
2875;2493998;1;0;1;0;0
2876;2494017;2;0;1;0;0
2877;2494025;1;0;0;0;0
2878;2494980;3;0;0;0;0
2879;2495980;3;0;0;0;0
2880;2496980;3;0;0;0;0
2881;2497980;3;0;0;0;0
2882;2498980;3;0;0;0;0
2883;2499980;3;0;0;0;0
2884;2500980;3;0;0;0;0
2885;2501980;3;0;0;0;0
2886;2502980;3;0;0;0;0
2887;2503980;3;0;0;0;0
2888;2504980;3;0;0;0;0
2889;2505980;3;0;0;0;0
2890;2506980;3;0;0;0;0
2891;2507980;3;0;0;0;0
2892;2508980;3;0;0;0;0
2893;2509980;3;0;0;0;0
2894;2510980;3;0;0;0;0
2895;2511980;3;0;0;0;0
2896;2512980;3;0;0;0;0
2897;2513982;3;0;0;0;0
2898;2513989;2;0;0;0;0
2899;2513998;1;0;1;0;0
2900;2514017;2;0;1;0;0
2901;2514025;1;0;0;0;0
2902;2514980;3;0;0;0;0
2903;2515980;3;0;0;0;0
2904;2516980;3;0;0;0;0
2905;2517980;3;0;0;0;0
2906;2518980;3;0;0;0;0
2907;2519980;3;0;0;0;0
2908;2520980;3;0;0;0;0
2909;2521980;3;0;0;0;0
2910;2522980;3;0;0;0;0
2911;2523980;3;0;0;0;0
2912;2524980;3;0;0;0;0
2913;2525980;3;0;0;0;0
2914;2526980;3;0;0;0;0
2915;2527980;3;0;0;0;0
2916;2528980;3;0;0;0;0
2917;2529980;3;0;0;0;0
2918;2530980;3;0;0;0;0
2919;2531980;3;0;0;0;0
2920;2532980;3;0;0;0;0
2921;2533982;3;0;0;0;0
2922;2533989;2;0;0;0;0
2923;2533998;1;0;1;0;0
2924;2534017;2;0;1;0;0
2925;2534026;1;0;0;0;0
2926;2534980;3;0;0;0;0
2927;2535980;3;0;0;0;0
2928;2536980;3;0;0;0;0
2929;2537982;3;0;0;0;0
2930;2537989;2;0;0;0;0
2931;2537998;1;0;1;1;0
2932;2538979;3;0;1;1;0
2933;2539979;3;0;1;1;0
2934;2540979;3;0;1;1;0
2935;2541979;3;0;1;1;0
2936;2542979;3;0;1;1;0
2937;2543979;3;0;1;1;0
2938;2544979;3;0;1;1;0
2939;2545979;3;0;1;1;0
2940;2546979;3;0;1;1;0
2941;2547979;3;0;1;1;0
2942;2548979;3;0;1;1;0
2943;2549979;3;0;1;1;0
2944;2550979;3;0;1;1;0
2945;2551979;3;0;1;1;0
2946;2552979;3;0;1;1;0
2947;2553388;2;0;1;1;0
2948;2553396;1;0;0;0;0
2949;2553984;3;0;0;0;0
2950;2553991;2;0;0;0;0
2951;2553999;1;0;1;2;0
2952;2554979;3;0;1;2;0
2953;2555979;3;0;1;2;0
2954;2556979;3;0;1;2;0
2955;2557979;3;0;1;2;0
2956;2558979;3;0;1;2;0
2957;2559979;3;0;1;2;0
2958;2560979;3;0;1;2;0
2959;2561979;3;0;1;2;0
2960;2562979;3;0;1;2;0
2961;2563979;3;0;1;2;0
2962;2564979;3;0;1;2;0
2963;2565979;3;0;1;2;0
2964;2566979;3;0;1;2;0
2965;2567979;3;0;1;2;0
2966;2568981;3;0;1;2;0
2967;2569395;2;0;1;2;0
2968;2569402;1;0;1;0;0
2969;2569422;2;0;1;0;0
2970;2569430;1;0;1;3;0
2971;2569979;3;0;1;3;0
2972;2570979;3;0;1;3;0
2973;2571979;3;0;1;3;0
2974;2572979;3;0;1;3;0
2975;2573979;3;0;1;3;0
2976;2574979;3;0;1;3;0
2977;2575979;3;0;1;3;0
2978;2576979;3;0;1;3;0
2979;2577979;3;0;1;3;0
2980;2578979;3;0;1;3;0
2981;2579979;3;0;1;3;0
2982;2580979;3;0;1;3;0
2983;2581979;3;0;1;3;0
2984;2582979;3;0;1;3;0
2985;2583979;3;0;1;3;0
2986;2584827;2;0;1;3;0
2987;2584835;1;0;0;0;0
2988;2584982;3;0;0;0;0
2989;2584989;2;0;0;0;0
2990;2584998;1;0;1;4;0
2991;2585979;3;0;1;4;0
2992;2586979;3;0;1;4;0
2993;2587979;3;0;1;4;0
2994;2588981;3;0;1;4;0
2995;2589979;3;0;1;4;0
2996;2590979;3;0;1;4;0
2997;2591979;3;0;1;4;0
2998;2592979;3;0;1;4;0
2999;2593979;3;0;1;4;0
3000;2594979;3;0;1;4;0
3001;2595979;3;0;1;4;0
3002;2596979;3;0;1;4;0
3003;2597979;3;0;1;4;0
3004;2598981;3;0;1;4;0
3005;2599136;2;0;1;4;0
3006;2599144;1;0;1;0;0
3007;2599163;2;0;1;0;0
3008;2599171;1;0;1;5;0
3009;2599979;3;0;1;5;0
3010;2600979;3;0;1;5;0
3011;2601979;3;0;1;5;0
3012;2602979;3;0;1;5;0
3013;2603979;3;0;1;5;0
3014;2604979;3;0;1;5;0
3015;2605979;3;0;1;5;0
3016;2606979;3;0;1;5;0
3017;2607979;3;0;1;5;0
3018;2608979;3;0;1;5;0
3019;2609979;3;0;1;5;0
3020;2610979;3;0;1;5;0
3021;2611979;3;0;1;5;0
3022;2612979;3;0;1;5;0
3023;2613979;3;0;1;5;0
3024;2614575;2;0;1;5;0
3025;2614583;1;0;0;0;0
3026;2614980;3;0;0;0;0
3027;2615980;3;0;0;0;0
3028;2616980;3;0;0;0;0
3029;2617980;3;0;0;0;0
3030;2618982;3;0;0;0;0
3031;2618989;2;0;0;0;0
3032;2618998;1;0;1;0;0
3033;2619017;2;0;1;0;0
3034;2619025;1;0;0;0;0
3035;2619980;3;0;0;0;0
3036;2620980;3;0;0;0;0
3037;2621980;3;0;0;0;0
3038;2622980;3;0;0;0;0
3039;2623980;3;0;0;0;0
3040;2624980;3;0;0;0;0
3041;2625980;3;0;0;0;0
3042;2626980;3;0;0;0;0
3043;2627980;3;0;0;0;0
3044;2628980;3;0;0;0;0
3045;2629980;3;0;0;0;0
3046;2630980;3;0;0;0;0
3047;2631980;3;0;0;0;0
3048;2632980;3;0;0;0;0
3049;2633980;3;0;0;0;0
3050;2634980;3;0;0;0;0
3051;2635980;3;0;0;0;0
3052;2636980;3;0;0;0;0
3053;2637980;3;0;0;0;0
3054;2638982;3;0;0;0;0
3055;2638989;2;0;0;0;0
3056;2638998;1;0;1;0;0
3057;2639017;2;0;1;0;0
3058;2639025;1;0;0;0;0
3059;2639980;3;0;0;0;0
3060;2640980;3;0;0;0;0
3061;2641980;3;0;0;0;0
3062;2642980;3;0;0;0;0
3063;2643980;3;0;0;0;0
3064;2644980;3;0;0;0;0
3065;2645980;3;0;0;0;0
3066;2646980;3;0;0;0;0
3067;2647980;3;0;0;0;0
3068;2648980;3;0;0;0;0
3069;2649980;3;0;0;0;0
3070;2650980;3;0;0;0;0
3071;2651980;3;0;0;0;0
3072;2652980;3;0;0;0;0
3073;2653980;3;0;0;0;0
3074;2654980;3;0;0;0;0
3075;2655980;3;0;0;0;0
3076;2656980;3;0;0;0;0
3077;2657980;3;0;0;0;0
3078;2658982;3;0;0;0;0
3079;2658989;2;0;0;0;0
3080;2658998;1;0;1;0;0
3081;2659017;2;0;1;0;0
3082;2659025;1;0;0;0;0
3083;2659980;3;0;0;0;0
3084;2660980;3;0;0;0;0
3085;2661980;3;0;0;0;0
3086;2662980;3;0;0;0;0
3087;2663980;3;0;0;0;0
3088;2664980;3;0;0;0;0
3089;2665980;3;0;0;0;0
3090;2666980;3;0;0;0;0
3091;2667980;3;0;0;0;0
3092;2668980;3;0;0;0;0
3093;2669980;3;0;0;0;0
3094;2670980;3;0;0;0;0
3095;2671980;3;0;0;0;0
3096;2672980;3;0;0;0;0
3097;2673980;3;0;0;0;0
3098;2674980;3;0;0;0;0
3099;2675980;3;0;0;0;0
3100;2676980;3;0;0;0;0
3101;2677980;3;0;0;0;0
3102;2678982;3;0;0;0;0
3103;2678989;2;0;0;0;0
3104;2678998;1;0;1;0;0
3105;2679017;2;0;1;0;0
3106;2679025;1;0;0;0;0
3107;2679980;3;0;0;0;0
3108;2680980;3;0;0;0;0
3109;2681980;3;0;0;0;0
3110;2682980;3;0;0;0;0
3111;2683980;3;0;0;0;0
3112;2684980;3;0;0;0;0
3113;2685980;3;0;0;0;0
3114;2686980;3;0;0;0;0
3115;2687980;3;0;0;0;0
3116;2688980;3;0;0;0;0
3117;2689980;3;0;0;0;0
3118;2690980;3;0;0;0;0
3119;2691980;3;0;0;0;0
3120;2692980;3;0;0;0;0
3121;2693980;3;0;0;0;0
3122;2694980;3;0;0;0;0
3123;2695980;3;0;0;0;0
3124;2696980;3;0;0;0;0
3125;2697980;3;0;0;0;0
3126;2698982;3;0;0;0;0
3127;2698989;2;0;0;0;0
3128;2698998;1;0;1;0;0
3129;2699017;2;0;1;0;0
3130;2699025;1;0;0;0;0
3131;2699980;3;0;0;0;0
3132;2700980;3;0;0;0;0
3133;2701980;3;0;0;0;0
3134;2702980;3;0;0;0;0
3135;2703980;3;0;0;0;0
3136;2704980;3;0;0;0;0
3137;2705980;3;0;0;0;0
3138;2706980;3;0;0;0;0
3139;2707980;3;0;0;0;0
3140;2708980;3;0;0;0;0
3141;2709980;3;0;0;0;0
3142;2710980;3;0;0;0;0
3143;2711980;3;0;0;0;0
3144;2712980;3;0;0;0;0
3145;2713980;3;0;0;0;0
3146;2714980;3;0;0;0;0
3147;2715980;3;0;0;0;0
3148;2716980;3;0;0;0;0
3149;2717980;3;0;0;0;0
3150;2718982;3;0;0;0;0
3151;2718989;2;0;0;0;0
3152;2718998;1;0;1;0;0
3153;2719017;2;0;1;0;0
3154;2719025;1;0;0;0;0
3155;2719980;3;0;0;0;0
3156;2720980;3;0;0;0;0
3157;2721980;3;0;0;0;0
3158;2722980;3;0;0;0;0
3159;2723980;3;0;0;0;0
3160;2724980;3;0;0;0;0
3161;2725980;3;0;0;0;0
3162;2726980;3;0;0;0;0
3163;2727980;3;0;0;0;0
3164;2728980;3;0;0;0;0
3165;2729980;3;0;0;0;0
3166;2730980;3;0;0;0;0
3167;2731980;3;0;0;0;0
3168;2732980;3;0;0;0;0
3169;2733980;3;0;0;0;0
3170;2734980;3;0;0;0;0
3171;2735980;3;0;0;0;0
3172;2736980;3;0;0;0;0
3173;2737980;3;0;0;0;0
3174;2738982;3;0;0;0;0
3175;2738989;2;0;0;0;0
3176;2738998;1;0;1;0;0
3177;2739017;2;0;1;0;0
3178;2739025;1;0;0;0;0
3179;2739980;3;0;0;0;0
3180;2740980;3;0;0;0;0
3181;2741980;3;0;0;0;0
3182;2742980;3;0;0;0;0
3183;2743980;3;0;0;0;0
3184;2744980;3;0;0;0;0
3185;2745980;3;0;0;0;0
3186;2746980;3;0;0;0;0
3187;2747980;3;0;0;0;0
3188;2748980;3;0;0;0;0
3189;2749980;3;0;0;0;0
3190;2750980;3;0;0;0;0
3191;2751980;3;0;0;0;0
3192;2752980;3;0;0;0;0
3193;2753980;3;0;0;0;0
3194;2754980;3;0;0;0;0
3195;2755980;3;0;0;0;0
3196;2756980;3;0;0;0;0
3197;2757980;3;0;0;0;0
3198;2758982;3;0;0;0;0
3199;2758989;2;0;0;0;0
3200;2758998;1;0;1;0;0
3201;2759017;2;0;1;0;0
3202;2759025;1;0;0;0;0
3203;2759980;3;0;0;0;0
3204;2760980;3;0;0;0;0
3205;2761980;3;0;0;0;0
3206;2762980;3;0;0;0;0
3207;2763980;3;0;0;0;0
3208;2764980;3;0;0;0;0
3209;2765980;3;0;0;0;0
3210;2766980;3;0;0;0;0
3211;2767980;3;0;0;0;0
3212;2768980;3;0;0;0;0
3213;2769980;3;0;0;0;0
3214;2770980;3;0;0;0;0
3215;2771980;3;0;0;0;0
3216;2772980;3;0;0;0;0
3217;2773980;3;0;0;0;0
3218;2774980;3;0;0;0;0
3219;2775980;3;0;0;0;0
3220;2776980;3;0;0;0;0
3221;2777980;3;0;0;0;0
3222;2778982;3;0;0;0;0
3223;2778989;2;0;0;0;0
3224;2778998;1;0;1;0;0
3225;2779017;2;0;1;0;0
3226;2779025;1;0;0;0;0
3227;2779980;3;0;0;0;0
3228;2780980;3;0;0;0;0
3229;2781980;3;0;0;0;0
3230;2782980;3;0;0;0;0
3231;2783980;3;0;0;0;0
3232;2784980;3;0;0;0;0
3233;2785980;3;0;0;0;0
3234;2786980;3;0;0;0;0
3235;2787980;3;0;0;0;0
3236;2788980;3;0;0;0;0
3237;2789980;3;0;0;0;0
3238;2790980;3;0;0;0;0
3239;2791980;3;0;0;0;0
3240;2792980;3;0;0;0;0
3241;2793980;3;0;0;0;0
3242;2794980;3;0;0;0;0
3243;2795980;3;0;0;0;0
3244;2796980;3;0;0;0;0
3245;2797980;3;0;0;0;0
3246;2798982;3;0;0;0;0
3247;2798989;2;0;0;0;0
3248;2798998;1;0;1;0;0
3249;2799017;2;0;1;0;0
3250;2799025;1;0;0;0;0
3251;2799980;3;0;0;0;0
3252;2800980;3;0;0;0;0
3253;2801980;3;0;0;0;0
3254;2802980;3;0;0;0;0
3255;2803980;3;0;0;0;0
3256;2804980;3;0;0;0;0
3257;2805980;3;0;0;0;0
3258;2806980;3;0;0;0;0
3259;2807980;3;0;0;0;0
3260;2808980;3;0;0;0;0
3261;2809980;3;0;0;0;0
3262;2810980;3;0;0;0;0
3263;2811980;3;0;0;0;0
3264;2812980;3;0;0;0;0
3265;2813980;3;0;0;0;0
3266;2814980;3;0;0;0;0
3267;2815980;3;0;0;0;0
3268;2816980;3;0;0;0;0
3269;2817980;3;0;0;0;0
3270;2818982;3;0;0;0;0
3271;2818989;2;0;0;0;0
3272;2818998;1;0;1;0;0
3273;2819017;2;0;1;0;0
3274;2819025;1;0;0;0;0
3275;2819980;3;0;0;0;0
3276;2820980;3;0;0;0;0
3277;2821980;3;0;0;0;0
3278;2822980;3;0;0;0;0
3279;2823980;3;0;0;0;0
3280;2824980;3;0;0;0;0
3281;2825980;3;0;0;0;0
3282;2826980;3;0;0;0;0
3283;2827980;3;0;0;0;0
3284;2828980;3;0;0;0;0
3285;2829980;3;0;0;0;0
3286;2830980;3;0;0;0;0
3287;2831980;3;0;0;0;0
3288;2832980;3;0;0;0;0
3289;2833980;3;0;0;0;0
3290;2834980;3;0;0;0;0
3291;2835980;3;0;0;0;0
3292;2836980;3;0;0;0;0
3293;2837980;3;0;0;0;0
3294;2838982;3;0;0;0;0
3295;2838989;2;0;0;0;0
3296;2838998;1;0;1;0;0
3297;2839017;2;0;1;0;0
3298;2839025;1;0;0;0;0
3299;2839980;3;0;0;0;0
3300;2840980;3;0;0;0;0
3301;2841980;3;0;0;0;0
3302;2842980;3;0;0;0;0
3303;2843980;3;0;0;0;0
3304;2844980;3;0;0;0;0
3305;2845980;3;0;0;0;0
3306;2846980;3;0;0;0;0
3307;2847980;3;0;0;0;0
3308;2848980;3;0;0;0;0
3309;2849980;3;0;0;0;0
3310;2850980;3;0;0;0;0
3311;2851980;3;0;0;0;0
3312;2852980;3;0;0;0;0
3313;2853980;3;0;0;0;0
3314;2854980;3;0;0;0;0
3315;2855980;3;0;0;0;0
3316;2856980;3;0;0;0;0
3317;2857980;3;0;0;0;0
3318;2858982;3;0;0;0;0
3319;2858989;2;0;0;0;0
3320;2858998;1;0;1;0;0
3321;2859017;2;0;1;0;0
3322;2859025;1;0;0;0;0
3323;2859980;3;0;0;0;0
3324;2860980;3;0;0;0;0
3325;2861980;3;0;0;0;0
3326;2862980;3;0;0;0;0
3327;2863980;3;0;0;0;0
3328;2864980;3;0;0;0;0
3329;2865980;3;0;0;0;0
3330;2866980;3;0;0;0;0
3331;2867980;3;0;0;0;0
3332;2868980;3;0;0;0;0
3333;2869980;3;0;0;0;0
3334;2870980;3;0;0;0;0
3335;2871980;3;0;0;0;0
3336;2872980;3;0;0;0;0
3337;2873980;3;0;0;0;0
3338;2874980;3;0;0;0;0
3339;2875980;3;0;0;0;0
3340;2876980;3;0;0;0;0
3341;2877980;3;0;0;0;0
3342;2878982;3;0;0;0;0
3343;2878989;2;0;0;0;0
3344;2878998;1;0;1;0;0
3345;2879017;2;0;1;0;0
3346;2879025;1;0;0;0;0
3347;2879980;3;0;0;0;0
3348;2880980;3;0;0;0;0
3349;2881980;3;0;0;0;0
3350;2882980;3;0;0;0;0
3351;2883980;3;0;0;0;0
3352;2884980;3;0;0;0;0
3353;2885980;3;0;0;0;0
3354;2886980;3;0;0;0;0
3355;2887980;3;0;0;0;0
3356;2888980;3;0;0;0;0
3357;2889980;3;0;0;0;0
3358;2890980;3;0;0;0;0
3359;2891980;3;0;0;0;0
3360;2892980;3;0;0;0;0
3361;2893980;3;0;0;0;0
3362;2894980;3;0;0;0;0
3363;2895980;3;0;0;0;0
3364;2896980;3;0;0;0;0
3365;2897980;3;0;0;0;0
3366;2898982;3;0;0;0;0
3367;2898989;2;0;0;0;0
3368;2898998;1;0;1;0;0
3369;2899017;2;0;1;0;0
3370;2899025;1;0;0;0;0
3371;2899980;3;0;0;0;0
3372;2900980;3;0;0;0;0
3373;2901980;3;0;0;0;0
3374;2902980;3;0;0;0;0
3375;2903980;3;0;0;0;0
3376;2904980;3;0;0;0;0
3377;2905980;3;0;0;0;0
3378;2906980;3;0;0;0;0
3379;2907980;3;0;0;0;0
3380;2908980;3;0;0;0;0
3381;2909980;3;0;0;0;0
3382;2910980;3;0;0;0;0
3383;2911980;3;0;0;0;0
3384;2912980;3;0;0;0;0
3385;2913980;3;0;0;0;0
3386;2914980;3;0;0;0;0
3387;2915980;3;0;0;0;0
3388;2916980;3;0;0;0;0
3389;2917980;3;0;0;0;0
3390;2918982;3;0;0;0;0
3391;2918989;2;0;0;0;0
3392;2918998;1;0;1;0;0
3393;2919017;2;0;1;0;0
3394;2919025;1;0;0;0;0
3395;2919980;3;0;0;0;0
3396;2920980;3;0;0;0;0
3397;2921980;3;0;0;0;0
3398;2922980;3;0;0;0;0
3399;2923980;3;0;0;0;0
3400;2924980;3;0;0;0;0
3401;2925980;3;0;0;0;0
3402;2926980;3;0;0;0;0
3403;2927980;3;0;0;0;0
3404;2928980;3;0;0;0;0
3405;2929980;3;0;0;0;0
3406;2930980;3;0;0;0;0
3407;2931980;3;0;0;0;0
3408;2932980;3;0;0;0;0
3409;2933980;3;0;0;0;0
3410;2934980;3;0;0;0;0
3411;2935980;3;0;0;0;0
3412;2936980;3;0;0;0;0
3413;2937980;3;0;0;0;0
3414;2938982;3;0;0;0;0
3415;2938989;2;0;0;0;0
3416;2938998;1;0;1;0;0
3417;2939017;2;0;1;0;0
3418;2939025;1;0;0;0;0
3419;2939980;3;0;0;0;0
3420;2940980;3;0;0;0;0
3421;2941980;3;0;0;0;0
3422;2942980;3;0;0;0;0
3423;2943980;3;0;0;0;0
3424;2944980;3;0;0;0;0
3425;2945980;3;0;0;0;0
3426;2946980;3;0;0;0;0
3427;2947980;3;0;0;0;0
3428;2948980;3;0;0;0;0
3429;2949980;3;0;0;0;0
3430;2950980;3;0;0;0;0
3431;2951980;3;0;0;0;0
3432;2952980;3;0;0;0;0
3433;2953980;3;0;0;0;0
3434;2954980;3;0;0;0;0
3435;2955980;3;0;0;0;0
3436;2956980;3;0;0;0;0
3437;2957980;3;0;0;0;0
3438;2958982;3;0;0;0;0
3439;2958989;2;0;0;0;0
3440;2958998;1;0;1;0;0
3441;2959017;2;0;1;0;0
3442;2959025;1;0;0;0;0
3443;2959980;3;0;0;0;0
3444;2960980;3;0;0;0;0
3445;2961980;3;0;0;0;0
3446;2962980;3;0;0;0;0
3447;2963980;3;0;0;0;0
3448;2964980;3;0;0;0;0
3449;2965980;3;0;0;0;0
3450;2966980;3;0;0;0;0
3451;2967980;3;0;0;0;0
3452;2968980;3;0;0;0;0
3453;2969980;3;0;0;0;0
3454;2970980;3;0;0;0;0
3455;2971980;3;0;0;0;0
3456;2972980;3;0;0;0;0
3457;2973980;3;0;0;0;0
3458;2974980;3;0;0;0;0
3459;2975980;3;0;0;0;0
3460;2976980;3;0;0;0;0
3461;2977980;3;0;0;0;0
3462;2978982;3;0;0;0;0
3463;2978989;2;0;0;0;0
3464;2978998;1;0;1;0;0
3465;2979017;2;0;1;0;0
3466;2979025;1;0;0;0;0
3467;2979980;3;0;0;0;0
3468;2980980;3;0;0;0;0
3469;2981980;3;0;0;0;0
3470;2982980;3;0;0;0;0
3471;2983980;3;0;0;0;0
3472;2984980;3;0;0;0;0
3473;2985980;3;0;0;0;0
3474;2986980;3;0;0;0;0
3475;2987980;3;0;0;0;0
3476;2988980;3;0;0;0;0
3477;2989980;3;0;0;0;0
3478;2990980;3;0;0;0;0
3479;2991980;3;0;0;0;0
3480;2992980;3;0;0;0;0
3481;2993980;3;0;0;0;0
3482;2994980;3;0;0;0;0
3483;2995980;3;0;0;0;0
3484;2996980;3;0;0;0;0
3485;2997980;3;0;0;0;0
3486;2998982;3;0;0;0;0
3487;2998989;2;0;0;0;0
3488;2998998;1;0;1;0;0
3489;2999017;2;0;1;0;0
3490;2999025;1;0;0;0;0
3491;2999980;3;0;0;0;0
3492;3000980;3;0;0;0;0
3493;3001980;3;0;0;0;0
3494;3002980;3;0;0;0;0
3495;3003980;3;0;0;0;0
3496;3004980;3;0;0;0;0
3497;3005980;3;0;0;0;0
3498;3006980;3;0;0;0;0
3499;3007980;3;0;0;0;0
3500;3008980;3;0;0;0;0
3501;3009980;3;0;0;0;0
3502;3010980;3;0;0;0;0
3503;3011980;3;0;0;0;0
3504;3012980;3;0;0;0;0
3505;3013980;3;0;0;0;0
3506;3014980;3;0;0;0;0
3507;3015980;3;0;0;0;0
3508;3016980;3;0;0;0;0
3509;3017980;3;0;0;0;0
3510;3018982;3;0;0;0;0
3511;3018989;2;0;0;0;0
3512;3018998;1;0;1;0;0
3513;3019017;2;0;1;0;0
3514;3019025;1;0;0;0;0
3515;3019980;3;0;0;0;0
3516;3020980;3;0;0;0;0
3517;3021980;3;0;0;0;0
3518;3022980;3;0;0;0;0
3519;3023980;3;0;0;0;0
3520;3024980;3;0;0;0;0
3521;3025980;3;0;0;0;0
3522;3026980;3;0;0;0;0
3523;3027980;3;0;0;0;0
3524;3028980;3;0;0;0;0
3525;3029980;3;0;0;0;0
3526;3030980;3;0;0;0;0
3527;3031980;3;0;0;0;0
3528;3032980;3;0;0;0;0
3529;3033980;3;0;0;0;0
3530;3034980;3;0;0;0;0
3531;3035980;3;0;0;0;0
3532;3036980;3;0;0;0;0
3533;3037982;3;0;0;0;0
3534;3037989;2;0;0;0;0
3535;3037998;1;0;1;1;0
3536;3038981;3;0;1;1;0
3537;3039979;3;0;1;1;0
3538;3040979;3;0;1;1;0
3539;3041979;3;0;1;1;0
3540;3042979;3;0;1;1;0
3541;3043979;3;0;1;1;0
3542;3044979;3;0;1;1;0
3543;3045979;3;0;1;1;0
3544;3046979;3;0;1;1;0
3545;3047979;3;0;1;1;0
3546;3048979;3;0;1;1;0
3547;3049979;3;0;1;1;0
3548;3050979;3;0;1;1;0
3549;3051979;3;0;1;1;0
3550;3052979;3;0;1;1;0
3551;3053390;2;0;1;1;0
3552;3053398;1;0;1;0;0
3553;3053417;2;0;1;0;0
3554;3053425;1;0;0;0;0
3555;3053982;3;0;0;0;0
3556;3053989;2;0;0;0;0
3557;3053998;1;0;1;2;0
3558;3054979;3;0;1;2;0
3559;3055979;3;0;1;2;0
3560;3056979;3;0;1;2;0
3561;3057979;3;0;1;2;0
3562;3058979;3;0;1;2;0
3563;3059979;3;0;1;2;0
3564;3060979;3;0;1;2;0
3565;3061979;3;0;1;2;0
3566;3062979;3;0;1;2;0
3567;3063979;3;0;1;2;0
3568;3064979;3;0;1;2;0
3569;3065979;3;0;1;2;0
3570;3066979;3;0;1;2;0
3571;3067979;3;0;1;2;0
3572;3068981;3;0;1;2;0
3573;3069393;2;0;1;2;0
3574;3069401;1;0;1;3;0
3575;3069979;3;0;1;3;0
3576;3070979;3;0;1;3;0
3577;3071979;3;0;1;3;0
3578;3072981;3;0;1;3;0
3579;3073979;3;0;1;3;0
3580;3074979;3;0;1;3;0
3581;3075979;3;0;1;3;0
3582;3076979;3;0;1;3;0
3583;3077979;3;0;1;3;0
3584;3078979;3;0;1;3;0
3585;3079979;3;0;1;3;0
3586;3080979;3;0;1;3;0
3587;3081979;3;0;1;3;0
3588;3082979;3;0;1;3;0
3589;3083979;3;0;1;3;0
3590;3084800;2;0;1;3;0
3591;3084808;1;0;1;0;0
3592;3084827;2;0;1;0;0
3593;3084836;1;0;0;0;0
3594;3084982;3;0;0;0;0
3595;3084989;2;0;0;0;0
3596;3084998;1;0;1;4;0
3597;3085979;3;0;1;4;0
3598;3086979;3;0;1;4;0
3599;3087979;3;0;1;4;0
3600;3088979;3;0;1;4;0
3601;3089979;3;0;1;4;0
3602;3090979;3;0;1;4;0
3603;3091979;3;0;1;4;0
3604;3092979;3;0;1;4;0
3605;3093979;3;0;1;4;0
3606;3094979;3;0;1;4;0
3607;3095979;3;0;1;4;0
3608;3096979;3;0;1;4;0
3609;3097979;3;0;1;4;0
3610;3098981;3;0;1;4;0
3611;3099134;2;0;1;4;0
3612;3099142;1;0;1;5;0
3613;3099979;3;0;1;5;0
3614;3100979;3;0;1;5;0
3615;3101979;3;0;1;5;0
3616;3102979;3;0;1;5;0
3617;3103981;3;0;1;5;0
3618;3104979;3;0;1;5;0
3619;3105979;3;0;1;5;0
3620;3106979;3;0;1;5;0
3621;3107979;3;0;1;5;0
3622;3108979;3;0;1;5;0
3623;3109979;3;0;1;5;0
3624;3110979;3;0;1;5;0
3625;3111979;3;0;1;5;0
3626;3112979;3;0;1;5;0
3627;3113979;3;0;1;5;0
3628;3114548;2;0;1;5;0
3629;3114556;1;0;1;0;0
3630;3114575;2;0;1;0;0
3631;3114584;1;0;0;0;0
3632;3114980;3;0;0;0;0
3633;3115980;3;0;0;0;0
3634;3116980;3;0;0;0;0
3635;3117980;3;0;0;0;0
3636;3118980;3;0;0;0;0
3637;3119980;3;0;0;0;0
3638;3120980;3;0;0;0;0
3639;3121980;3;0;0;0;0
3640;3122980;3;0;0;0;0
3641;3123980;3;0;0;0;0
3642;3124980;3;0;0;0;0
3643;3125980;3;0;0;0;0
3644;3126980;3;0;0;0;0
3645;3127980;3;0;0;0;0
3646;3128980;3;0;0;0;0
3647;3129980;3;0;0;0;0
3648;3130980;3;0;0;0;0
3649;3131980;3;0;0;0;0
3650;3132980;3;0;0;0;0
3651;3133982;3;0;0;0;0
3652;3133989;2;0;0;0;0
3653;3133998;1;0;1;0;0
3654;3134017;2;0;1;0;0
3655;3134025;1;0;0;0;0
3656;3134980;3;0;0;0;0
3657;3135980;3;0;0;0;0
3658;3136980;3;0;0;0;0
3659;3137980;3;0;0;0;0
3660;3138980;3;0;0;0;0
3661;3139980;3;0;0;0;0
3662;3140980;3;0;0;0;0
3663;3141980;3;0;0;0;0
3664;3142980;3;0;0;0;0
3665;3143980;3;0;0;0;0
3666;3144980;3;0;0;0;0
3667;3145980;3;0;0;0;0
3668;3146980;3;0;0;0;0
3669;3147980;3;0;0;0;0
3670;3148980;3;0;0;0;0
3671;3149980;3;0;0;0;0
3672;3150980;3;0;0;0;0
3673;3151980;3;0;0;0;0
3674;3152980;3;0;0;0;0
3675;3153982;3;0;0;0;0
3676;3153989;2;0;0;0;0
3677;3153998;1;0;1;0;0
3678;3154017;2;0;1;0;0
3679;3154025;1;0;0;0;0
3680;3154980;3;0;0;0;0
3681;3155980;3;0;0;0;0
3682;3156980;3;0;0;0;0
3683;3157980;3;0;0;0;0
3684;3158980;3;0;0;0;0
3685;3159980;3;0;0;0;0
3686;3160980;3;0;0;0;0
3687;3161980;3;0;0;0;0
3688;3162980;3;0;0;0;0
3689;3163980;3;0;0;0;0
3690;3164980;3;0;0;0;0
3691;3165980;3;0;0;0;0
3692;3166980;3;0;0;0;0
3693;3167980;3;0;0;0;0
3694;3168980;3;0;0;0;0
3695;3169980;3;0;0;0;0
3696;3170980;3;0;0;0;0
3697;3171980;3;0;0;0;0
3698;3172980;3;0;0;0;0
3699;3173982;3;0;0;0;0
3700;3173989;2;0;0;0;0
3701;3173998;1;0;1;0;0
3702;3174017;2;0;1;0;0
3703;3174025;1;0;0;0;0
3704;3174980;3;0;0;0;0
3705;3175980;3;0;0;0;0
3706;3176980;3;0;0;0;0
3707;3177980;3;0;0;0;0
3708;3178980;3;0;0;0;0
3709;3179980;3;0;0;0;0
3710;3180980;3;0;0;0;0
3711;3181980;3;0;0;0;0
3712;3182980;3;0;0;0;0
3713;3183980;3;0;0;0;0
3714;3184980;3;0;0;0;0
3715;3185980;3;0;0;0;0
3716;3186980;3;0;0;0;0
3717;3187980;3;0;0;0;0
3718;3188980;3;0;0;0;0
3719;3189980;3;0;0;0;0
3720;3190980;3;0;0;0;0
3721;3191980;3;0;0;0;0
3722;3192980;3;0;0;0;0
3723;3193982;3;0;0;0;0
3724;3193989;2;0;0;0;0
3725;3193998;1;0;1;0;0
3726;3194017;2;0;1;0;0
3727;3194025;1;0;0;0;0
3728;3194980;3;0;0;0;0
3729;3195980;3;0;0;0;0
3730;3196980;3;0;0;0;0
3731;3197980;3;0;0;0;0
3732;3198980;3;0;0;0;0
3733;3199980;3;0;0;0;0
3734;3200980;3;0;0;0;0
3735;3201980;3;0;0;0;0
3736;3202980;3;0;0;0;0
3737;3203980;3;0;0;0;0
3738;3204980;3;0;0;0;0
3739;3205980;3;0;0;0;0
3740;3206980;3;0;0;0;0
3741;3207980;3;0;0;0;0
3742;3208980;3;0;0;0;0
3743;3209980;3;0;0;0;0
3744;3210980;3;0;0;0;0
3745;3211980;3;0;0;0;0
3746;3212980;3;0;0;0;0
3747;3213982;3;0;0;0;0
3748;3213989;2;0;0;0;0
3749;3213998;1;0;1;0;0
3750;3214017;2;0;1;0;0
3751;3214025;1;0;0;0;0
3752;3214980;3;0;0;0;0
3753;3215980;3;0;0;0;0
3754;3216980;3;0;0;0;0
3755;3217980;3;0;0;0;0
3756;3218980;3;0;0;0;0
3757;3219980;3;0;0;0;0
3758;3220980;3;0;0;0;0
3759;3221980;3;0;0;0;0
3760;3222980;3;0;0;0;0
3761;3223980;3;0;0;0;0
3762;3224980;3;0;0;0;0
3763;3225980;3;0;0;0;0
3764;3226980;3;0;0;0;0
3765;3227980;3;0;0;0;0
3766;3228980;3;0;0;0;0
3767;3229980;3;0;0;0;0
3768;3230980;3;0;0;0;0
3769;3231980;3;0;0;0;0
3770;3232980;3;0;0;0;0
3771;3233982;3;0;0;0;0
3772;3233989;2;0;0;0;0
3773;3233998;1;0;1;0;0
3774;3234017;2;0;1;0;0
3775;3234025;1;0;0;0;0
3776;3234980;3;0;0;0;0
3777;3235980;3;0;0;0;0
3778;3236980;3;0;0;0;0
3779;3237980;3;0;0;0;0
3780;3238980;3;0;0;0;0
3781;3239980;3;0;0;0;0
3782;3240980;3;0;0;0;0
3783;3241980;3;0;0;0;0
3784;3242980;3;0;0;0;0
3785;3243980;3;0;0;0;0
3786;3244980;3;0;0;0;0
3787;3245980;3;0;0;0;0
3788;3246980;3;0;0;0;0
3789;3247980;3;0;0;0;0
3790;3248980;3;0;0;0;0
3791;3249980;3;0;0;0;0
3792;3250980;3;0;0;0;0
3793;3251980;3;0;0;0;0
3794;3252980;3;0;0;0;0
3795;3253982;3;0;0;0;0
3796;3253989;2;0;0;0;0
3797;3253998;1;0;1;0;0
3798;3254017;2;0;1;0;0
3799;3254025;1;0;0;0;0
3800;3254980;3;0;0;0;0
3801;3255980;3;0;0;0;0
3802;3256980;3;0;0;0;0
3803;3257980;3;0;0;0;0
3804;3258980;3;0;0;0;0
3805;3259980;3;0;0;0;0
3806;3260980;3;0;0;0;0
3807;3261980;3;0;0;0;0
3808;3262980;3;0;0;0;0
3809;3263980;3;0;0;0;0
3810;3264980;3;0;0;0;0
3811;3265980;3;0;0;0;0
3812;3266980;3;0;0;0;0
3813;3267980;3;0;0;0;0
3814;3268980;3;0;0;0;0
3815;3269980;3;0;0;0;0
3816;3270980;3;0;0;0;0
3817;3271980;3;0;0;0;0
3818;3272980;3;0;0;0;0
3819;3273982;3;0;0;0;0
3820;3273989;2;0;0;0;0
3821;3273998;1;0;1;0;0
3822;3274017;2;0;1;0;0
3823;3274025;1;0;0;0;0
3824;3274980;3;0;0;0;0
3825;3275980;3;0;0;0;0
3826;3276980;3;0;0;0;0
3827;3277980;3;0;0;0;0
3828;3278980;3;0;0;0;0
3829;3279980;3;0;0;0;0
3830;3280980;3;0;0;0;0
3831;3281980;3;0;0;0;0
3832;3282980;3;0;0;0;0
3833;3283980;3;0;0;0;0
3834;3284980;3;0;0;0;0
3835;3285980;3;0;0;0;0
3836;3286980;3;0;0;0;0
3837;3287980;3;0;0;0;0
3838;3288980;3;0;0;0;0
3839;3289980;3;0;0;0;0
3840;3290980;3;0;0;0;0
3841;3291980;3;0;0;0;0
3842;3292980;3;0;0;0;0
3843;3293982;3;0;0;0;0
3844;3293989;2;0;0;0;0
3845;3293998;1;0;1;0;0
3846;3294017;2;0;1;0;0
3847;3294025;1;0;0;0;0
3848;3294980;3;0;0;0;0
3849;3295980;3;0;0;0;0
3850;3296980;3;0;0;0;0
3851;3297980;3;0;0;0;0
3852;3298980;3;0;0;0;0
3853;3299980;3;0;0;0;0
3854;3300980;3;0;0;0;0
3855;3301980;3;0;0;0;0
3856;3302980;3;0;0;0;0
3857;3303980;3;0;0;0;0
3858;3304980;3;0;0;0;0
3859;3305980;3;0;0;0;0
3860;3306980;3;0;0;0;0
3861;3307980;3;0;0;0;0
3862;3308980;3;0;0;0;0
3863;3309980;3;0;0;0;0
3864;3310980;3;0;0;0;0
3865;3311980;3;0;0;0;0
3866;3312980;3;0;0;0;0
3867;3313982;3;0;0;0;0
3868;3313989;2;0;0;0;0
3869;3313998;1;0;1;0;0
3870;3314017;2;0;1;0;0
3871;3314025;1;0;0;0;0
3872;3314980;3;0;0;0;0
3873;3315980;3;0;0;0;0
3874;3316980;3;0;0;0;0
3875;3317980;3;0;0;0;0
3876;3318980;3;0;0;0;0
3877;3319980;3;0;0;0;0
3878;3320980;3;0;0;0;0
3879;3321980;3;0;0;0;0
3880;3322980;3;0;0;0;0
3881;3323980;3;0;0;0;0
3882;3324980;3;0;0;0;0
3883;3325980;3;0;0;0;0
3884;3326980;3;0;0;0;0
3885;3327980;3;0;0;0;0
3886;3328980;3;0;0;0;0
3887;3329980;3;0;0;0;0
3888;3330980;3;0;0;0;0
3889;3331980;3;0;0;0;0
3890;3332980;3;0;0;0;0
3891;3333982;3;0;0;0;0
3892;3333989;2;0;0;0;0
3893;3333998;1;0;1;0;0
3894;3334017;2;0;1;0;0
3895;3334025;1;0;0;0;0
3896;3334980;3;0;0;0;0
3897;3335980;3;0;0;0;0
3898;3336980;3;0;0;0;0
3899;3337980;3;0;0;0;0
3900;3338980;3;0;0;0;0
3901;3339980;3;0;0;0;0
3902;3340980;3;0;0;0;0
3903;3341980;3;0;0;0;0
3904;3342980;3;0;0;0;0
3905;3343980;3;0;0;0;0
3906;3344980;3;0;0;0;0
3907;3345980;3;0;0;0;0
3908;3346980;3;0;0;0;0
3909;3347980;3;0;0;0;0
3910;3348980;3;0;0;0;0
3911;3349980;3;0;0;0;0
3912;3350980;3;0;0;0;0
3913;3351980;3;0;0;0;0
3914;3352980;3;0;0;0;0
3915;3353982;3;0;0;0;0
3916;3353989;2;0;0;0;0
3917;3353998;1;0;1;0;0
3918;3354017;2;0;1;0;0
3919;3354025;1;0;0;0;0
3920;3354980;3;0;0;0;0
3921;3355980;3;0;0;0;0
3922;3356980;3;0;0;0;0
3923;3357980;3;0;0;0;0
3924;3358980;3;0;0;0;0
3925;3359980;3;0;0;0;0
3926;3360980;3;0;0;0;0
3927;3361980;3;0;0;0;0
3928;3362980;3;0;0;0;0
3929;3363980;3;0;0;0;0
3930;3364980;3;0;0;0;0
3931;3365980;3;0;0;0;0
3932;3366980;3;0;0;0;0
3933;3367980;3;0;0;0;0
3934;3368980;3;0;0;0;0
3935;3369980;3;0;0;0;0
3936;3370980;3;0;0;0;0
3937;3371980;3;0;0;0;0
3938;3372980;3;0;0;0;0
3939;3373982;3;0;0;0;0
3940;3373989;2;0;0;0;0
3941;3373998;1;0;1;0;0
3942;3374017;2;0;1;0;0
3943;3374025;1;0;0;0;0
3944;3374980;3;0;0;0;0
3945;3375980;3;0;0;0;0
3946;3376980;3;0;0;0;0
3947;3377980;3;0;0;0;0
3948;3378980;3;0;0;0;0
3949;3379980;3;0;0;0;0
3950;3380980;3;0;0;0;0
3951;3381980;3;0;0;0;0
3952;3382980;3;0;0;0;0
3953;3383980;3;0;0;0;0
3954;3384980;3;0;0;0;0
3955;3385980;3;0;0;0;0
3956;3386980;3;0;0;0;0
3957;3387980;3;0;0;0;0
3958;3388980;3;0;0;0;0
3959;3389980;3;0;0;0;0
3960;3390980;3;0;0;0;0
3961;3391980;3;0;0;0;0
3962;3392980;3;0;0;0;0
3963;3393982;3;0;0;0;0
3964;3393989;2;0;0;0;0
3965;3393998;1;0;1;0;0
3966;3394017;2;0;1;0;0
3967;3394025;1;0;0;0;0
3968;3394980;3;0;0;0;0
3969;3395980;3;0;0;0;0
3970;3396980;3;0;0;0;0
3971;3397980;3;0;0;0;0
3972;3398980;3;0;0;0;0
3973;3399980;3;0;0;0;0
3974;3400980;3;0;0;0;0
3975;3401980;3;0;0;0;0
3976;3402980;3;0;0;0;0
3977;3403980;3;0;0;0;0
3978;3404980;3;0;0;0;0
3979;3405980;3;0;0;0;0
3980;3406980;3;0;0;0;0
3981;3407980;3;0;0;0;0
3982;3408980;3;0;0;0;0
3983;3409980;3;0;0;0;0
3984;3410980;3;0;0;0;0
3985;3411980;3;0;0;0;0
3986;3412980;3;0;0;0;0
3987;3413982;3;0;0;0;0
3988;3413989;2;0;0;0;0
3989;3413998;1;0;1;0;0
3990;3414017;2;0;1;0;0
3991;3414025;1;0;0;0;0
3992;3414980;3;0;0;0;0
3993;3415980;3;0;0;0;0
3994;3416980;3;0;0;0;0
3995;3417980;3;0;0;0;0
3996;3418980;3;0;0;0;0
3997;3419980;3;0;0;0;0
3998;3420980;3;0;0;0;0
3999;3421980;3;0;0;0;0
4000;3422980;3;0;0;0;0
4001;3423980;3;0;0;0;0
4002;3424980;3;0;0;0;0
4003;3425980;3;0;0;0;0
4004;3426980;3;0;0;0;0
4005;3427980;3;0;0;0;0
4006;3428980;3;0;0;0;0
4007;3429980;3;0;0;0;0
4008;3430980;3;0;0;0;0
4009;3431980;3;0;0;0;0
4010;3432980;3;0;0;0;0
4011;3433982;3;0;0;0;0
4012;3433989;2;0;0;0;0
4013;3433998;1;0;1;0;0
4014;3434017;2;0;1;0;0
4015;3434025;1;0;0;0;0
4016;3434980;3;0;0;0;0
4017;3435980;3;0;0;0;0
4018;3436980;3;0;0;0;0
4019;3437980;3;0;0;0;0
4020;3438980;3;0;0;0;0
4021;3439980;3;0;0;0;0
4022;3440980;3;0;0;0;0
4023;3441980;3;0;0;0;0
4024;3442980;3;0;0;0;0
4025;3443980;3;0;0;0;0
4026;3444980;3;0;0;0;0
4027;3445980;3;0;0;0;0
4028;3446980;3;0;0;0;0
4029;3447980;3;0;0;0;0
4030;3448980;3;0;0;0;0
4031;3449980;3;0;0;0;0
4032;3450980;3;0;0;0;0
4033;3451980;3;0;0;0;0
4034;3452980;3;0;0;0;0
4035;3453982;3;0;0;0;0
4036;3453989;2;0;0;0;0
4037;3453998;1;0;1;0;0
4038;3454017;2;0;1;0;0
4039;3454025;1;0;0;0;0
4040;3454980;3;0;0;0;0
4041;3455980;3;0;0;0;0
4042;3456980;3;0;0;0;0
4043;3457980;3;0;0;0;0
4044;3458980;3;0;0;0;0
4045;3459980;3;0;0;0;0
4046;3460980;3;0;0;0;0
4047;3461980;3;0;0;0;0
4048;3462980;3;0;0;0;0
4049;3463980;3;0;0;0;0
4050;3464980;3;0;0;0;0
4051;3465980;3;0;0;0;0
4052;3466980;3;0;0;0;0
4053;3467980;3;0;0;0;0
4054;3468980;3;0;0;0;0
4055;3469980;3;0;0;0;0
4056;3470980;3;0;0;0;0
4057;3471980;3;0;0;0;0
4058;3472980;3;0;0;0;0
4059;3473982;3;0;0;0;0
4060;3473989;2;0;0;0;0
4061;3473998;1;0;1;0;0
4062;3474017;2;0;1;0;0
4063;3474025;1;0;0;0;0
4064;3474980;3;0;0;0;0
4065;3475980;3;0;0;0;0
4066;3476980;3;0;0;0;0
4067;3477980;3;0;0;0;0
4068;3478980;3;0;0;0;0
4069;3479980;3;0;0;0;0
4070;3480980;3;0;0;0;0
4071;3481980;3;0;0;0;0
4072;3482980;3;0;0;0;0
4073;3483980;3;0;0;0;0
4074;3484980;3;0;0;0;0
4075;3485980;3;0;0;0;0
4076;3486980;3;0;0;0;0
4077;3487980;3;0;0;0;0
4078;3488980;3;0;0;0;0
4079;3489980;3;0;0;0;0
4080;3490980;3;0;0;0;0
4081;3491980;3;0;0;0;0
4082;3492980;3;0;0;0;0
4083;3493982;3;0;0;0;0
4084;3493989;2;0;0;0;0
4085;3493998;1;0;1;0;0
4086;3494017;2;0;1;0;0
4087;3494025;1;0;0;0;0
4088;3494980;3;0;0;0;0
4089;3495980;3;0;0;0;0
4090;3496980;3;0;0;0;0
4091;3497980;3;0;0;0;0
4092;3498980;3;0;0;0;0
4093;3499980;3;0;0;0;0
4094;3500980;3;0;0;0;0
4095;3501980;3;0;0;0;0
4096;3502980;3;0;0;0;0
4097;3503980;3;0;0;0;0
4098;3504980;3;0;0;0;0
4099;3505980;3;0;0;0;0
4100;3506980;3;0;0;0;0
4101;3507980;3;0;0;0;0
4102;3508980;3;0;0;0;0
4103;3509980;3;0;0;0;0
4104;3510980;3;0;0;0;0
4105;3511980;3;0;0;0;0
4106;3512980;3;0;0;0;0
4107;3513982;3;0;0;0;0
4108;3513989;2;0;0;0;0
4109;3513998;1;0;1;0;0
4110;3514017;2;0;1;0;0
4111;3514025;1;0;0;0;0
4112;3514980;3;0;0;0;0
4113;3515980;3;0;0;0;0
4114;3516980;3;0;0;0;0
4115;3517980;3;0;0;0;0
4116;3518980;3;0;0;0;0
4117;3519980;3;0;0;0;0
4118;3520980;3;0;0;0;0
4119;3521980;3;0;0;0;0
4120;3522980;3;0;0;0;0
4121;3523980;3;0;0;0;0
4122;3524980;3;0;0;0;0
4123;3525980;3;0;0;0;0
4124;3526980;3;0;0;0;0
4125;3527980;3;0;0;0;0
4126;3528980;3;0;0;0;0
4127;3529980;3;0;0;0;0
4128;3530980;3;0;0;0;0
4129;3531980;3;0;0;0;0
4130;3532980;3;0;0;0;0
4131;3533982;3;0;0;0;0
4132;3533989;2;0;0;0;0
4133;3533998;1;0;1;0;0
4134;3534017;2;0;1;0;0
4135;3534026;1;0;0;0;0
4136;3534980;3;0;0;0;0
4137;3535980;3;0;0;0;0
4138;3536980;3;0;0;0;0
4139;3537982;3;0;0;0;0
4140;3537989;2;0;0;0;0
4141;3537998;1;0;1;1;0
4142;3538979;3;0;1;1;0
4143;3539979;3;0;1;1;0
4144;3540979;3;0;1;1;0
4145;3541979;3;0;1;1;0
4146;3542979;3;0;1;1;0
4147;3543979;3;0;1;1;0
4148;3544979;3;0;1;1;0
4149;3545979;3;0;1;1;0
4150;3546979;3;0;1;1;0
4151;3547979;3;0;1;1;0
4152;3548979;3;0;1;1;0
4153;3549979;3;0;1;1;0
4154;3550979;3;0;1;1;0
4155;3551979;3;0;1;1;0
4156;3552979;3;0;1;1;0
4157;3553388;2;0;1;1;0
4158;3553396;1;0;0;0;0
4159;3553984;3;0;0;0;0
4160;3553991;2;0;0;0;0
4161;3553999;1;0;1;2;0
4162;3554979;3;0;1;2;0
4163;3555979;3;0;1;2;0
4164;3556979;3;0;1;2;0
4165;3557979;3;0;1;2;0
4166;3558979;3;0;1;2;0
4167;3559979;3;0;1;2;0
4168;3560979;3;0;1;2;0
4169;3561979;3;0;1;2;0
4170;3562979;3;0;1;2;0
4171;3563979;3;0;1;2;0
4172;3564979;3;0;1;2;0
4173;3565979;3;0;1;2;0
4174;3566979;3;0;1;2;0
4175;3567979;3;0;1;2;0
4176;3568981;3;0;1;2;0
4177;3569395;2;0;1;2;0
4178;3569402;1;0;1;0;0
4179;3569422;2;0;1;0;0
4180;3569430;1;0;1;3;0
4181;3569979;3;0;1;3;0
4182;3570979;3;0;1;3;0
4183;3571979;3;0;1;3;0
4184;3572979;3;0;1;3;0
4185;3573979;3;0;1;3;0
4186;3574979;3;0;1;3;0
4187;3575979;3;0;1;3;0
4188;3576979;3;0;1;3;0
4189;3577979;3;0;1;3;0
4190;3578979;3;0;1;3;0
4191;3579979;3;0;1;3;0
4192;3580979;3;0;1;3;0
4193;3581979;3;0;1;3;0
4194;3582979;3;0;1;3;0
4195;3583979;3;0;1;3;0
4196;3584827;2;0;1;3;0
4197;3584835;1;0;0;0;0
4198;3584982;3;0;0;0;0
4199;3584989;2;0;0;0;0
4200;3584998;1;0;1;4;0
4201;3585979;3;0;1;4;0
4202;3586979;3;0;1;4;0
4203;3587979;3;0;1;4;0
4204;3588981;3;0;1;4;0
4205;3589979;3;0;1;4;0
4206;3590979;3;0;1;4;0
4207;3591979;3;0;1;4;0
4208;3592979;3;0;1;4;0
4209;3593979;3;0;1;4;0
4210;3594979;3;0;1;4;0
4211;3595979;3;0;1;4;0
4212;3596979;3;0;1;4;0
4213;3597979;3;0;1;4;0
4214;3598981;3;0;1;4;0
4215;3599136;2;0;1;4;0
4216;3599144;1;0;1;0;0
4217;3599163;2;0;1;0;0
4218;3599171;1;0;1;5;0
4219;3599979;3;0;1;5;0
4220;3600979;3;0;1;5;0
4221;3601979;3;0;1;5;0
4222;3602979;3;0;1;5;0
4223;3603979;3;0;1;5;0
4224;3604979;3;0;1;5;0
4225;3605979;3;0;1;5;0
4226;3606979;3;0;1;5;0
4227;3607979;3;0;1;5;0
4228;3608979;3;0;1;5;0
4229;3609979;3;0;1;5;0
4230;3610979;3;0;1;5;0
4231;3611979;3;0;1;5;0
4232;3612979;3;0;1;5;0
4233;3613979;3;0;1;5;0
4234;3614575;2;0;1;5;0
4235;3614583;1;0;0;0;0
4236;3614980;3;0;0;0;0
4237;3615980;3;0;0;0;0
4238;3616980;3;0;0;0;0
4239;3617980;3;0;0;0;0
4240;3618982;3;0;0;0;0
4241;3618989;2;0;0;0;0
4242;3618998;1;0;1;0;0
4243;3619017;2;0;1;0;0
4244;3619025;1;0;0;0;0
4245;3619980;3;0;0;0;0
4246;3620980;3;0;0;0;0
4247;3621980;3;0;0;0;0
4248;3622980;3;0;0;0;0
4249;3623980;3;0;0;0;0
4250;3624980;3;0;0;0;0
4251;3625980;3;0;0;0;0
4252;3626980;3;0;0;0;0
4253;3627980;3;0;0;0;0
4254;3628980;3;0;0;0;0
4255;3629980;3;0;0;0;0
4256;3630980;3;0;0;0;0
4257;3631980;3;0;0;0;0
4258;3632980;3;0;0;0;0
4259;3633980;3;0;0;0;0
4260;3634980;3;0;0;0;0
4261;3635980;3;0;0;0;0
4262;3636980;3;0;0;0;0
4263;3637980;3;0;0;0;0
4264;3638982;3;0;0;0;0
4265;3638989;2;0;0;0;0
4266;3638998;1;0;1;0;0
4267;3639017;2;0;1;0;0
4268;3639025;1;0;0;0;0
4269;3639980;3;0;0;0;0
4270;3640980;3;0;0;0;0
4271;3641980;3;0;0;0;0
4272;3642980;3;0;0;0;0
4273;3643980;3;0;0;0;0
4274;3644980;3;0;0;0;0
4275;3645980;3;0;0;0;0
4276;3646980;3;0;0;0;0
4277;3647980;3;0;0;0;0
4278;3648980;3;0;0;0;0
4279;3649980;3;0;0;0;0
4280;3650980;3;0;0;0;0
4281;3651980;3;0;0;0;0
4282;3652980;3;0;0;0;0
4283;3653980;3;0;0;0;0
4284;3654980;3;0;0;0;0
4285;3655980;3;0;0;0;0
4286;3656980;3;0;0;0;0
4287;3657980;3;0;0;0;0
4288;3658982;3;0;0;0;0
4289;3658989;2;0;0;0;0
4290;3658998;1;0;1;0;0
4291;3659017;2;0;1;0;0
4292;3659025;1;0;0;0;0
4293;3659980;3;0;0;0;0
4294;3660980;3;0;0;0;0
4295;3661980;3;0;0;0;0
4296;3662980;3;0;0;0;0
4297;3663980;3;0;0;0;0
4298;3664980;3;0;0;0;0
4299;3665980;3;0;0;0;0
4300;3666980;3;0;0;0;0
4301;3667980;3;0;0;0;0
4302;3668980;3;0;0;0;0
4303;3669980;3;0;0;0;0
4304;3670980;3;0;0;0;0
4305;3671980;3;0;0;0;0
4306;3672980;3;0;0;0;0
4307;3673980;3;0;0;0;0
4308;3674980;3;0;0;0;0
4309;3675980;3;0;0;0;0
4310;3676980;3;0;0;0;0
4311;3677980;3;0;0;0;0
4312;3678982;3;0;0;0;0
4313;3678989;2;0;0;0;0
4314;3678998;1;0;1;0;0
4315;3679017;2;0;1;0;0
4316;3679025;1;0;0;0;0
4317;3679980;3;0;0;0;0
4318;3680980;3;0;0;0;0
4319;3681980;3;0;0;0;0
4320;3682980;3;0;0;0;0
4321;3683980;3;0;0;0;0
4322;3684980;3;0;0;0;0
4323;3685980;3;0;0;0;0
4324;3686980;3;0;0;0;0
4325;3687980;3;0;0;0;0
4326;3688980;3;0;0;0;0
4327;3689980;3;0;0;0;0
4328;3690980;3;0;0;0;0
4329;3691980;3;0;0;0;0
4330;3692980;3;0;0;0;0
4331;3693980;3;0;0;0;0
4332;3694980;3;0;0;0;0
4333;3695980;3;0;0;0;0
4334;3696980;3;0;0;0;0
4335;3697980;3;0;0;0;0
4336;3698982;3;0;0;0;0
4337;3698989;2;0;0;0;0
4338;3698998;1;0;1;0;0
4339;3699017;2;0;1;0;0
4340;3699025;1;0;0;0;0
4341;3699980;3;0;0;0;0
4342;3700980;3;0;0;0;0
4343;3701980;3;0;0;0;0
4344;3702980;3;0;0;0;0
4345;3703980;3;0;0;0;0
4346;3704980;3;0;0;0;0
4347;3705980;3;0;0;0;0
4348;3706980;3;0;0;0;0
4349;3707980;3;0;0;0;0
4350;3708980;3;0;0;0;0
4351;3709980;3;0;0;0;0
4352;3710980;3;0;0;0;0
4353;3711980;3;0;0;0;0
4354;3712980;3;0;0;0;0
4355;3713980;3;0;0;0;0
4356;3714980;3;0;0;0;0
4357;3715980;3;0;0;0;0
4358;3716980;3;0;0;0;0
4359;3717980;3;0;0;0;0
4360;3718982;3;0;0;0;0
4361;3718989;2;0;0;0;0
4362;3718998;1;0;1;0;0
4363;3719017;2;0;1;0;0
4364;3719025;1;0;0;0;0
4365;3719980;3;0;0;0;0
4366;3720980;3;0;0;0;0
4367;3721980;3;0;0;0;0
4368;3722980;3;0;0;0;0
4369;3723980;3;0;0;0;0
4370;3724980;3;0;0;0;0
4371;3725980;3;0;0;0;0
4372;3726980;3;0;0;0;0
4373;3727980;3;0;0;0;0
4374;3728980;3;0;0;0;0
4375;3729980;3;0;0;0;0
4376;3730980;3;0;0;0;0
4377;3731980;3;0;0;0;0
4378;3732980;3;0;0;0;0
4379;3733980;3;0;0;0;0
4380;3734980;3;0;0;0;0
4381;3735980;3;0;0;0;0
4382;3736980;3;0;0;0;0
4383;3737980;3;0;0;0;0
4384;3738982;3;0;0;0;0
4385;3738989;2;0;0;0;0
4386;3738998;1;0;1;0;0
4387;3739017;2;0;1;0;0
4388;3739025;1;0;0;0;0
4389;3739980;3;0;0;0;0
4390;3740980;3;0;0;0;0
4391;3741980;3;0;0;0;0
4392;3742980;3;0;0;0;0
4393;3743980;3;0;0;0;0
4394;3744980;3;0;0;0;0
4395;3745980;3;0;0;0;0
4396;3746980;3;0;0;0;0
4397;3747980;3;0;0;0;0
4398;3748980;3;0;0;0;0
4399;3749980;3;0;0;0;0
4400;3750980;3;0;0;0;0
4401;3751980;3;0;0;0;0
4402;3752980;3;0;0;0;0
4403;3753980;3;0;0;0;0
4404;3754980;3;0;0;0;0
4405;3755980;3;0;0;0;0
4406;3756980;3;0;0;0;0
4407;3757980;3;0;0;0;0
4408;3758982;3;0;0;0;0
4409;3758989;2;0;0;0;0
4410;3758998;1;0;1;0;0
4411;3759017;2;0;1;0;0
4412;3759025;1;0;0;0;0
4413;3759980;3;0;0;0;0
4414;3760980;3;0;0;0;0
4415;3761980;3;0;0;0;0
4416;3762980;3;0;0;0;0
4417;3763980;3;0;0;0;0
4418;3764980;3;0;0;0;0
4419;3765980;3;0;0;0;0
4420;3766980;3;0;0;0;0
4421;3767980;3;0;0;0;0
4422;3768980;3;0;0;0;0
4423;3769980;3;0;0;0;0
4424;3770980;3;0;0;0;0
4425;3771980;3;0;0;0;0
4426;3772980;3;0;0;0;0
4427;3773980;3;0;0;0;0
4428;3774980;3;0;0;0;0
4429;3775980;3;0;0;0;0
4430;3776980;3;0;0;0;0
4431;3777980;3;0;0;0;0
4432;3778982;3;0;0;0;0
4433;3778989;2;0;0;0;0
4434;3778998;1;0;1;0;0
4435;3779017;2;0;1;0;0
4436;3779025;1;0;0;0;0
4437;3779980;3;0;0;0;0
4438;3780980;3;0;0;0;0
4439;3781980;3;0;0;0;0
4440;3782980;3;0;0;0;0
4441;3783980;3;0;0;0;0
4442;3784980;3;0;0;0;0
4443;3785980;3;0;0;0;0
4444;3786980;3;0;0;0;0
4445;3787980;3;0;0;0;0
4446;3788980;3;0;0;0;0
4447;3789980;3;0;0;0;0
4448;3790980;3;0;0;0;0
4449;3791980;3;0;0;0;0
4450;3792980;3;0;0;0;0
4451;3793980;3;0;0;0;0
4452;3794980;3;0;0;0;0
4453;3795980;3;0;0;0;0
4454;3796980;3;0;0;0;0
4455;3797980;3;0;0;0;0
4456;3798982;3;0;0;0;0
4457;3798989;2;0;0;0;0
4458;3798998;1;0;1;0;0
4459;3799017;2;0;1;0;0
4460;3799025;1;0;0;0;0
4461;3799980;3;0;0;0;0
4462;3800980;3;0;0;0;0
4463;3801980;3;0;0;0;0
4464;3802980;3;0;0;0;0
4465;3803980;3;0;0;0;0
4466;3804980;3;0;0;0;0
4467;3805980;3;0;0;0;0
4468;3806980;3;0;0;0;0
4469;3807980;3;0;0;0;0
4470;3808980;3;0;0;0;0
4471;3809980;3;0;0;0;0
4472;3810980;3;0;0;0;0
4473;3811980;3;0;0;0;0
4474;3812980;3;0;0;0;0
4475;3813980;3;0;0;0;0
4476;3814980;3;0;0;0;0
4477;3815980;3;0;0;0;0
4478;3816980;3;0;0;0;0
4479;3817980;3;0;0;0;0
4480;3818982;3;0;0;0;0
4481;3818989;2;0;0;0;0
4482;3818998;1;0;1;0;0
4483;3819017;2;0;1;0;0
4484;3819025;1;0;0;0;0
4485;3819980;3;0;0;0;0
4486;3820980;3;0;0;0;0
4487;3821980;3;0;0;0;0
4488;3822980;3;0;0;0;0
4489;3823980;3;0;0;0;0
4490;3824980;3;0;0;0;0
4491;3825980;3;0;0;0;0
4492;3826980;3;0;0;0;0
4493;3827980;3;0;0;0;0
4494;3828980;3;0;0;0;0
4495;3829980;3;0;0;0;0
4496;3830980;3;0;0;0;0
4497;3831980;3;0;0;0;0
4498;3832980;3;0;0;0;0
4499;3833980;3;0;0;0;0
4500;3834980;3;0;0;0;0
4501;3835980;3;0;0;0;0
4502;3836980;3;0;0;0;0
4503;3837980;3;0;0;0;0
4504;3838982;3;0;0;0;0
4505;3838989;2;0;0;0;0
4506;3838998;1;0;1;0;0
4507;3839017;2;0;1;0;0
4508;3839025;1;0;0;0;0
4509;3839980;3;0;0;0;0
4510;3840980;3;0;0;0;0
4511;3841980;3;0;0;0;0
4512;3842980;3;0;0;0;0
4513;3843980;3;0;0;0;0
4514;3844980;3;0;0;0;0
4515;3845980;3;0;0;0;0
4516;3846980;3;0;0;0;0
4517;3847980;3;0;0;0;0
4518;3848980;3;0;0;0;0
4519;3849980;3;0;0;0;0
4520;3850980;3;0;0;0;0
4521;3851980;3;0;0;0;0
4522;3852980;3;0;0;0;0
4523;3853980;3;0;0;0;0
4524;3854980;3;0;0;0;0
4525;3855980;3;0;0;0;0
4526;3856980;3;0;0;0;0
4527;3857980;3;0;0;0;0
4528;3858982;3;0;0;0;0
4529;3858989;2;0;0;0;0
4530;3858998;1;0;1;0;0
4531;3859017;2;0;1;0;0
4532;3859025;1;0;0;0;0
4533;3859980;3;0;0;0;0
4534;3860980;3;0;0;0;0
4535;3861980;3;0;0;0;0
4536;3862980;3;0;0;0;0
4537;3863980;3;0;0;0;0
4538;3864980;3;0;0;0;0
4539;3865980;3;0;0;0;0
4540;3866980;3;0;0;0;0
4541;3867980;3;0;0;0;0
4542;3868980;3;0;0;0;0
4543;3869980;3;0;0;0;0
4544;3870980;3;0;0;0;0
4545;3871980;3;0;0;0;0
4546;3872980;3;0;0;0;0
4547;3873980;3;0;0;0;0
4548;3874980;3;0;0;0;0
4549;3875980;3;0;0;0;0
4550;3876980;3;0;0;0;0
4551;3877980;3;0;0;0;0
4552;3878982;3;0;0;0;0
4553;3878989;2;0;0;0;0
4554;3878998;1;0;1;0;0
4555;3879017;2;0;1;0;0
4556;3879025;1;0;0;0;0
4557;3879980;3;0;0;0;0
4558;3880980;3;0;0;0;0
4559;3881980;3;0;0;0;0
4560;3882980;3;0;0;0;0
4561;3883980;3;0;0;0;0
4562;3884980;3;0;0;0;0
4563;3885980;3;0;0;0;0
4564;3886980;3;0;0;0;0
4565;3887980;3;0;0;0;0
4566;3888980;3;0;0;0;0
4567;3889980;3;0;0;0;0
4568;3890980;3;0;0;0;0
4569;3891980;3;0;0;0;0
4570;3892980;3;0;0;0;0
4571;3893980;3;0;0;0;0
4572;3894980;3;0;0;0;0
4573;3895980;3;0;0;0;0
4574;3896980;3;0;0;0;0
4575;3897980;3;0;0;0;0
4576;3898982;3;0;0;0;0
4577;3898989;2;0;0;0;0
4578;3898998;1;0;1;0;0
4579;3899017;2;0;1;0;0
4580;3899025;1;0;0;0;0
4581;3899980;3;0;0;0;0
4582;3900980;3;0;0;0;0
4583;3901980;3;0;0;0;0
4584;3902980;3;0;0;0;0
4585;3903980;3;0;0;0;0
4586;3904980;3;0;0;0;0
4587;3905980;3;0;0;0;0
4588;3906980;3;0;0;0;0
4589;3907980;3;0;0;0;0
4590;3908980;3;0;0;0;0
4591;3909980;3;0;0;0;0
4592;3910980;3;0;0;0;0
4593;3911980;3;0;0;0;0
4594;3912980;3;0;0;0;0
4595;3913980;3;0;0;0;0
4596;3914980;3;0;0;0;0
4597;3915980;3;0;0;0;0
4598;3916980;3;0;0;0;0
4599;3917980;3;0;0;0;0
4600;3918982;3;0;0;0;0
4601;3918989;2;0;0;0;0
4602;3918998;1;0;1;0;0
4603;3919017;2;0;1;0;0
4604;3919025;1;0;0;0;0
4605;3919980;3;0;0;0;0
4606;3920980;3;0;0;0;0
4607;3921980;3;0;0;0;0
4608;3922980;3;0;0;0;0
4609;3923980;3;0;0;0;0
4610;3924980;3;0;0;0;0
4611;3925980;3;0;0;0;0
4612;3926980;3;0;0;0;0
4613;3927980;3;0;0;0;0
4614;3928980;3;0;0;0;0
4615;3929980;3;0;0;0;0
4616;3930980;3;0;0;0;0
4617;3931980;3;0;0;0;0
4618;3932980;3;0;0;0;0
4619;3933980;3;0;0;0;0
4620;3934980;3;0;0;0;0
4621;3935980;3;0;0;0;0
4622;3936980;3;0;0;0;0
4623;3937980;3;0;0;0;0
4624;3938982;3;0;0;0;0
4625;3938989;2;0;0;0;0
4626;3938998;1;0;1;0;0
4627;3939017;2;0;1;0;0
4628;3939025;1;0;0;0;0
4629;3939980;3;0;0;0;0
4630;3940980;3;0;0;0;0
4631;3941980;3;0;0;0;0
4632;3942980;3;0;0;0;0
4633;3943980;3;0;0;0;0
4634;3944980;3;0;0;0;0
4635;3945980;3;0;0;0;0
4636;3946980;3;0;0;0;0
4637;3947980;3;0;0;0;0
4638;3948980;3;0;0;0;0
4639;3949980;3;0;0;0;0
4640;3950980;3;0;0;0;0
4641;3951980;3;0;0;0;0
4642;3952980;3;0;0;0;0
4643;3953980;3;0;0;0;0
4644;3954980;3;0;0;0;0
4645;3955980;3;0;0;0;0
4646;3956980;3;0;0;0;0
4647;3957980;3;0;0;0;0
4648;3958982;3;0;0;0;0
4649;3958989;2;0;0;0;0
4650;3958998;1;0;1;0;0
4651;3959017;2;0;1;0;0
4652;3959025;1;0;0;0;0
4653;3959980;3;0;0;0;0
4654;3960980;3;0;0;0;0
4655;3961980;3;0;0;0;0
4656;3962980;3;0;0;0;0
4657;3963980;3;0;0;0;0
4658;3964980;3;0;0;0;0
4659;3965980;3;0;0;0;0
4660;3966980;3;0;0;0;0
4661;3967980;3;0;0;0;0
4662;3968980;3;0;0;0;0
4663;3969980;3;0;0;0;0
4664;3970980;3;0;0;0;0
4665;3971980;3;0;0;0;0
4666;3972980;3;0;0;0;0
4667;3973980;3;0;0;0;0
4668;3974980;3;0;0;0;0
4669;3975980;3;0;0;0;0
4670;3976980;3;0;0;0;0
4671;3977980;3;0;0;0;0
4672;3978982;3;0;0;0;0
4673;3978989;2;0;0;0;0
4674;3978998;1;0;1;0;0
4675;3979017;2;0;1;0;0
4676;3979025;1;0;0;0;0
4677;3979980;3;0;0;0;0
4678;3980980;3;0;0;0;0
4679;3981980;3;0;0;0;0
4680;3982980;3;0;0;0;0
4681;3983980;3;0;0;0;0
4682;3984980;3;0;0;0;0
4683;3985980;3;0;0;0;0
4684;3986980;3;0;0;0;0
4685;3987980;3;0;0;0;0
4686;3988980;3;0;0;0;0
4687;3989980;3;0;0;0;0
4688;3990980;3;0;0;0;0
4689;3991980;3;0;0;0;0
4690;3992980;3;0;0;0;0
4691;3993980;3;0;0;0;0
4692;3994980;3;0;0;0;0
4693;3995980;3;0;0;0;0
4694;3996980;3;0;0;0;0
4695;3997980;3;0;0;0;0
4696;3998982;3;0;0;0;0
4697;3998989;2;0;0;0;0
4698;3998998;1;0;1;0;0
4699;3999017;2;0;1;0;0
4700;3999025;1;0;0;0;0
4701;3999980;3;0;0;0;0
4702;4000980;3;0;0;0;0
4703;4001980;3;0;0;0;0
4704;4002980;3;0;0;0;0
4705;4003980;3;0;0;0;0
4706;4004980;3;0;0;0;0
4707;4005980;3;0;0;0;0
4708;4006980;3;0;0;0;0
4709;4007980;3;0;0;0;0
4710;4008980;3;0;0;0;0
4711;4009980;3;0;0;0;0
4712;4010980;3;0;0;0;0
4713;4011980;3;0;0;0;0
4714;4012980;3;0;0;0;0
4715;4013980;3;0;0;0;0
4716;4014980;3;0;0;0;0
4717;4015980;3;0;0;0;0
4718;4016980;3;0;0;0;0
4719;4017980;3;0;0;0;0
4720;4018982;3;0;0;0;0
4721;4018989;2;0;0;0;0
4722;4018998;1;0;1;0;0
4723;4019017;2;0;1;0;0
4724;4019025;1;0;0;0;0
4725;4019980;3;0;0;0;0
4726;4020980;3;0;0;0;0
4727;4021980;3;0;0;0;0
4728;4022980;3;0;0;0;0
4729;4023980;3;0;0;0;0
4730;4024980;3;0;0;0;0
4731;4025980;3;0;0;0;0
4732;4026980;3;0;0;0;0
4733;4027980;3;0;0;0;0
4734;4028980;3;0;0;0;0
4735;4029980;3;0;0;0;0
4736;4030980;3;0;0;0;0
4737;4031980;3;0;0;0;0
4738;4032980;3;0;0;0;0
4739;4033980;3;0;0;0;0
4740;4034980;3;0;0;0;0
4741;4035980;3;0;0;0;0
4742;4036980;3;0;0;0;0
4743;4037982;3;0;0;0;0
4744;4037989;2;0;0;0;0
4745;4037998;1;0;1;1;0
4746;4038981;3;0;1;1;0
4747;4039979;3;0;1;1;0
4748;4040979;3;0;1;1;0
4749;4041979;3;0;1;1;0
4750;4042979;3;0;1;1;0
4751;4043979;3;0;1;1;0
4752;4044979;3;0;1;1;0
4753;4045979;3;0;1;1;0
4754;4046979;3;0;1;1;0
4755;4047979;3;0;1;1;0
4756;4048979;3;0;1;1;0
4757;4049979;3;0;1;1;0
4758;4050979;3;0;1;1;0
4759;4051979;3;0;1;1;0
4760;4052979;3;0;1;1;0
4761;4053390;2;0;1;1;0
4762;4053398;1;0;1;0;0
4763;4053417;2;0;1;0;0
4764;4053425;1;0;0;0;0
4765;4053982;3;0;0;0;0
4766;4053989;2;0;0;0;0
4767;4053998;1;0;1;2;0
4768;4054979;3;0;1;2;0
4769;4055979;3;0;1;2;0
4770;4056979;3;0;1;2;0
4771;4057979;3;0;1;2;0
4772;4058979;3;0;1;2;0
4773;4059979;3;0;1;2;0
4774;4060979;3;0;1;2;0
4775;4061979;3;0;1;2;0
4776;4062979;3;0;1;2;0
4777;4063979;3;0;1;2;0
4778;4064979;3;0;1;2;0
4779;4065979;3;0;1;2;0
4780;4066979;3;0;1;2;0
4781;4067979;3;0;1;2;0
4782;4068981;3;0;1;2;0
4783;4069393;2;0;1;2;0
4784;4069401;1;0;1;3;0
4785;4069979;3;0;1;3;0
4786;4070979;3;0;1;3;0
4787;4071979;3;0;1;3;0
4788;4072981;3;0;1;3;0
4789;4073979;3;0;1;3;0
4790;4074979;3;0;1;3;0
4791;4075979;3;0;1;3;0
4792;4076979;3;0;1;3;0
4793;4077979;3;0;1;3;0
4794;4078979;3;0;1;3;0
4795;4079979;3;0;1;3;0
4796;4080979;3;0;1;3;0
4797;4081979;3;0;1;3;0
4798;4082979;3;0;1;3;0
4799;4083979;3;0;1;3;0
4800;4084800;2;0;1;3;0
4801;4084808;1;0;1;0;0
4802;4084827;2;0;1;0;0
4803;4084836;1;0;0;0;0
4804;4084982;3;0;0;0;0
4805;4084989;2;0;0;0;0
4806;4084998;1;0;1;4;0
4807;4085979;3;0;1;4;0
4808;4086979;3;0;1;4;0
4809;4087979;3;0;1;4;0
4810;4088979;3;0;1;4;0
4811;4089979;3;0;1;4;0
4812;4090979;3;0;1;4;0
4813;4091979;3;0;1;4;0
4814;4092979;3;0;1;4;0
4815;4093979;3;0;1;4;0
4816;4094979;3;0;1;4;0
4817;4095979;3;0;1;4;0
4818;4096979;3;0;1;4;0
4819;4097979;3;0;1;4;0
4820;4098981;3;0;1;4;0
4821;4099134;2;0;1;4;0
4822;4099142;1;0;1;5;0
4823;4099979;3;0;1;5;0
4824;4100979;3;0;1;5;0
4825;4101979;3;0;1;5;0
4826;4102979;3;0;1;5;0
4827;4103981;3;0;1;5;0
4828;4104979;3;0;1;5;0
4829;4105979;3;0;1;5;0
4830;4106979;3;0;1;5;0
4831;4107979;3;0;1;5;0
4832;4108979;3;0;1;5;0
4833;4109979;3;0;1;5;0
4834;4110979;3;0;1;5;0
4835;4111979;3;0;1;5;0
4836;4112979;3;0;1;5;0
4837;4113979;3;0;1;5;0
4838;4114548;2;0;1;5;0
4839;4114556;1;0;1;0;0
4840;4114575;2;0;1;0;0
4841;4114584;1;0;0;0;0
4842;4114980;3;0;0;0;0
4843;4115980;3;0;0;0;0
4844;4116980;3;0;0;0;0
4845;4117980;3;0;0;0;0
4846;4118980;3;0;0;0;0
4847;4119980;3;0;0;0;0
4848;4120980;3;0;0;0;0
4849;4121980;3;0;0;0;0
4850;4122980;3;0;0;0;0
4851;4123980;3;0;0;0;0
4852;4124980;3;0;0;0;0
4853;4125980;3;0;0;0;0
4854;4126980;3;0;0;0;0
4855;4127980;3;0;0;0;0
4856;4128980;3;0;0;0;0
4857;4129980;3;0;0;0;0
4858;4130980;3;0;0;0;0
4859;4131980;3;0;0;0;0
4860;4132980;3;0;0;0;0
4861;4133982;3;0;0;0;0
4862;4133989;2;0;0;0;0
4863;4133998;1;0;1;0;0
4864;4134017;2;0;1;0;0
4865;4134025;1;0;0;0;0
4866;4134980;3;0;0;0;0
4867;4135980;3;0;0;0;0
4868;4136980;3;0;0;0;0
4869;4137980;3;0;0;0;0
4870;4138980;3;0;0;0;0
4871;4139980;3;0;0;0;0
4872;4140980;3;0;0;0;0
4873;4141980;3;0;0;0;0
4874;4142980;3;0;0;0;0
4875;4143980;3;0;0;0;0
4876;4144980;3;0;0;0;0
4877;4145980;3;0;0;0;0
4878;4146980;3;0;0;0;0
4879;4147980;3;0;0;0;0
4880;4148980;3;0;0;0;0
4881;4149980;3;0;0;0;0
4882;4150980;3;0;0;0;0
4883;4151980;3;0;0;0;0
4884;4152980;3;0;0;0;0
4885;4153982;3;0;0;0;0
4886;4153989;2;0;0;0;0
4887;4153998;1;0;1;0;0
4888;4154017;2;0;1;0;0
4889;4154025;1;0;0;0;0
4890;4154980;3;0;0;0;0
4891;4155980;3;0;0;0;0
4892;4156980;3;0;0;0;0
4893;4157980;3;0;0;0;0
4894;4158980;3;0;0;0;0
4895;4159980;3;0;0;0;0
4896;4160980;3;0;0;0;0
4897;4161980;3;0;0;0;0
4898;4162980;3;0;0;0;0
4899;4163980;3;0;0;0;0
4900;4164980;3;0;0;0;0
4901;4165980;3;0;0;0;0
4902;4166980;3;0;0;0;0
4903;4167980;3;0;0;0;0
4904;4168980;3;0;0;0;0
4905;4169980;3;0;0;0;0
4906;4170980;3;0;0;0;0
4907;4171980;3;0;0;0;0
4908;4172980;3;0;0;0;0
4909;4173982;3;0;0;0;0
4910;4173989;2;0;0;0;0
4911;4173998;1;0;1;0;0
4912;4174017;2;0;1;0;0
4913;4174025;1;0;0;0;0
4914;4174980;3;0;0;0;0
4915;4175980;3;0;0;0;0
4916;4176980;3;0;0;0;0
4917;4177980;3;0;0;0;0
4918;4178980;3;0;0;0;0
4919;4179980;3;0;0;0;0
4920;4180980;3;0;0;0;0
4921;4181980;3;0;0;0;0
4922;4182980;3;0;0;0;0
4923;4183980;3;0;0;0;0
4924;4184980;3;0;0;0;0
4925;4185980;3;0;0;0;0
4926;4186980;3;0;0;0;0
4927;4187980;3;0;0;0;0
4928;4188980;3;0;0;0;0
4929;4189980;3;0;0;0;0
4930;4190980;3;0;0;0;0
4931;4191980;3;0;0;0;0
4932;4192980;3;0;0;0;0
4933;4193982;3;0;0;0;0
4934;4193989;2;0;0;0;0
4935;4193998;1;0;1;0;0
4936;4194017;2;0;1;0;0
4937;4194025;1;0;0;0;0
4938;4194980;3;0;0;0;0
4939;4195980;3;0;0;0;0
4940;4196980;3;0;0;0;0
4941;4197980;3;0;0;0;0
4942;4198980;3;0;0;0;0
4943;4199980;3;0;0;0;0
4944;4200980;3;0;0;0;0
4945;4201980;3;0;0;0;0
4946;4202980;3;0;0;0;0
4947;4203980;3;0;0;0;0
4948;4204980;3;0;0;0;0
4949;4205980;3;0;0;0;0
4950;4206980;3;0;0;0;0
4951;4207980;3;0;0;0;0
4952;4208980;3;0;0;0;0
4953;4209980;3;0;0;0;0
4954;4210980;3;0;0;0;0
4955;4211980;3;0;0;0;0
4956;4212980;3;0;0;0;0
4957;4213982;3;0;0;0;0
4958;4213989;2;0;0;0;0
4959;4213998;1;0;1;0;0
4960;4214017;2;0;1;0;0
4961;4214025;1;0;0;0;0
4962;4214980;3;0;0;0;0
4963;4215980;3;0;0;0;0
4964;4216980;3;0;0;0;0
4965;4217980;3;0;0;0;0
4966;4218980;3;0;0;0;0
4967;4219980;3;0;0;0;0
4968;4220980;3;0;0;0;0
4969;4221980;3;0;0;0;0
4970;4222980;3;0;0;0;0
4971;4223980;3;0;0;0;0
4972;4224980;3;0;0;0;0
4973;4225980;3;0;0;0;0
4974;4226980;3;0;0;0;0
4975;4227980;3;0;0;0;0
4976;4228980;3;0;0;0;0
4977;4229980;3;0;0;0;0
4978;4230980;3;0;0;0;0
4979;4231980;3;0;0;0;0
4980;4232980;3;0;0;0;0
4981;4233982;3;0;0;0;0
4982;4233989;2;0;0;0;0
4983;4233998;1;0;1;0;0
4984;4234017;2;0;1;0;0
4985;4234025;1;0;0;0;0
4986;4234980;3;0;0;0;0
4987;4235980;3;0;0;0;0
4988;4236980;3;0;0;0;0
4989;4237980;3;0;0;0;0
4990;4238980;3;0;0;0;0
4991;4239980;3;0;0;0;0
4992;4240980;3;0;0;0;0
4993;4241980;3;0;0;0;0
4994;4242980;3;0;0;0;0
4995;4243980;3;0;0;0;0
4996;4244980;3;0;0;0;0
4997;4245980;3;0;0;0;0
4998;4246980;3;0;0;0;0
4999;4247980;3;0;0;0;0
5000;4248980;3;0;0;0;0
5001;4249980;3;0;0;0;0
5002;4250980;3;0;0;0;0
5003;4251980;3;0;0;0;0
5004;4252980;3;0;0;0;0
5005;4253982;3;0;0;0;0
5006;4253989;2;0;0;0;0
5007;4253998;1;0;1;0;0
5008;4254017;2;0;1;0;0
5009;4254025;1;0;0;0;0
5010;4254980;3;0;0;0;0
5011;4255980;3;0;0;0;0
5012;4256980;3;0;0;0;0
5013;4257980;3;0;0;0;0
5014;4258980;3;0;0;0;0
5015;4259980;3;0;0;0;0
5016;4260980;3;0;0;0;0
5017;4261980;3;0;0;0;0
5018;4262980;3;0;0;0;0
5019;4263980;3;0;0;0;0
5020;4264980;3;0;0;0;0
5021;4265980;3;0;0;0;0
5022;4266980;3;0;0;0;0
5023;4267980;3;0;0;0;0
5024;4268980;3;0;0;0;0
5025;4269980;3;0;0;0;0
5026;4270980;3;0;0;0;0
5027;4271980;3;0;0;0;0
5028;4272980;3;0;0;0;0
5029;4273982;3;0;0;0;0
5030;4273989;2;0;0;0;0
5031;4273998;1;0;1;0;0
5032;4274017;2;0;1;0;0
5033;4274025;1;0;0;0;0
5034;4274980;3;0;0;0;0
5035;4275980;3;0;0;0;0
5036;4276980;3;0;0;0;0
5037;4277980;3;0;0;0;0
5038;4278980;3;0;0;0;0
5039;4279980;3;0;0;0;0
5040;4280980;3;0;0;0;0
5041;4281980;3;0;0;0;0
5042;4282980;3;0;0;0;0
5043;4283980;3;0;0;0;0
5044;4284980;3;0;0;0;0
5045;4285980;3;0;0;0;0
5046;4286980;3;0;0;0;0
5047;4287980;3;0;0;0;0
5048;4288980;3;0;0;0;0
5049;4289980;3;0;0;0;0
5050;4290980;3;0;0;0;0
5051;4291980;3;0;0;0;0
5052;4292980;3;0;0;0;0
5053;4293982;3;0;0;0;0
5054;4293989;2;0;0;0;0
5055;4293998;1;0;1;0;0
5056;4294017;2;0;1;0;0
5057;4294025;1;0;0;0;0
5058;4294980;3;0;0;0;0
5059;4295980;3;0;0;0;0
5060;4296980;3;0;0;0;0
5061;4297980;3;0;0;0;0
5062;4298980;3;0;0;0;0
5063;4299980;3;0;0;0;0
5064;4300980;3;0;0;0;0
5065;4301980;3;0;0;0;0
5066;4302980;3;0;0;0;0
5067;4303980;3;0;0;0;0
5068;4304980;3;0;0;0;0
5069;4305980;3;0;0;0;0
5070;4306980;3;0;0;0;0
5071;4307980;3;0;0;0;0
5072;4308980;3;0;0;0;0
5073;4309980;3;0;0;0;0
5074;4310980;3;0;0;0;0
5075;4311980;3;0;0;0;0
5076;4312980;3;0;0;0;0
5077;4313982;3;0;0;0;0
5078;4313989;2;0;0;0;0
5079;4313998;1;0;1;0;0
5080;4314017;2;0;1;0;0
5081;4314025;1;0;0;0;0
5082;4314980;3;0;0;0;0
5083;4315980;3;0;0;0;0
5084;4316980;3;0;0;0;0
5085;4317980;3;0;0;0;0
5086;4318980;3;0;0;0;0
5087;4319980;3;0;0;0;0
5088;4320980;3;0;0;0;0
5089;4321980;3;0;0;0;0
5090;4322980;3;0;0;0;0
5091;4323980;3;0;0;0;0
5092;4324980;3;0;0;0;0
5093;4325980;3;0;0;0;0
5094;4326980;3;0;0;0;0
5095;4327980;3;0;0;0;0
5096;4328980;3;0;0;0;0
5097;4329980;3;0;0;0;0
5098;4330980;3;0;0;0;0
5099;4331980;3;0;0;0;0
5100;4332980;3;0;0;0;0
5101;4333982;3;0;0;0;0
5102;4333989;2;0;0;0;0
5103;4333998;1;0;1;0;0
5104;4334017;2;0;1;0;0
5105;4334025;1;0;0;0;0
5106;4334980;3;0;0;0;0
5107;4335980;3;0;0;0;0
5108;4336980;3;0;0;0;0
5109;4337980;3;0;0;0;0
5110;4338980;3;0;0;0;0
5111;4339980;3;0;0;0;0
5112;4340980;3;0;0;0;0
5113;4341980;3;0;0;0;0
5114;4342980;3;0;0;0;0
5115;4343980;3;0;0;0;0
5116;4344980;3;0;0;0;0
5117;4345980;3;0;0;0;0
5118;4346980;3;0;0;0;0
5119;4347980;3;0;0;0;0
5120;4348980;3;0;0;0;0
5121;4349980;3;0;0;0;0
5122;4350980;3;0;0;0;0
5123;4351980;3;0;0;0;0
5124;4352980;3;0;0;0;0
5125;4353982;3;0;0;0;0
5126;4353989;2;0;0;0;0
5127;4353998;1;0;1;0;0
5128;4354017;2;0;1;0;0
5129;4354025;1;0;0;0;0
5130;4354980;3;0;0;0;0
5131;4355980;3;0;0;0;0
5132;4356980;3;0;0;0;0
5133;4357980;3;0;0;0;0
5134;4358980;3;0;0;0;0
5135;4359980;3;0;0;0;0
5136;4360980;3;0;0;0;0
5137;4361980;3;0;0;0;0
5138;4362980;3;0;0;0;0
5139;4363980;3;0;0;0;0
5140;4364980;3;0;0;0;0
5141;4365980;3;0;0;0;0
5142;4366980;3;0;0;0;0
5143;4367980;3;0;0;0;0
5144;4368980;3;0;0;0;0
5145;4369980;3;0;0;0;0
5146;4370980;3;0;0;0;0
5147;4371980;3;0;0;0;0
5148;4372980;3;0;0;0;0
5149;4373982;3;0;0;0;0
5150;4373989;2;0;0;0;0
5151;4373998;1;0;1;0;0
5152;4374017;2;0;1;0;0
5153;4374025;1;0;0;0;0
5154;4374980;3;0;0;0;0
5155;4375980;3;0;0;0;0
5156;4376980;3;0;0;0;0
5157;4377980;3;0;0;0;0
5158;4378980;3;0;0;0;0
5159;4379980;3;0;0;0;0
5160;4380980;3;0;0;0;0
5161;4381980;3;0;0;0;0
5162;4382980;3;0;0;0;0
5163;4383980;3;0;0;0;0
5164;4384980;3;0;0;0;0
5165;4385980;3;0;0;0;0
5166;4386980;3;0;0;0;0
5167;4387980;3;0;0;0;0
5168;4388980;3;0;0;0;0
5169;4389980;3;0;0;0;0
5170;4390980;3;0;0;0;0
5171;4391980;3;0;0;0;0
5172;4392980;3;0;0;0;0
5173;4393982;3;0;0;0;0
5174;4393989;2;0;0;0;0
5175;4393998;1;0;1;0;0
5176;4394017;2;0;1;0;0
5177;4394025;1;0;0;0;0
5178;4394980;3;0;0;0;0
5179;4395980;3;0;0;0;0
5180;4396980;3;0;0;0;0
5181;4397980;3;0;0;0;0
5182;4398980;3;0;0;0;0
5183;4399980;3;0;0;0;0
5184;4400980;3;0;0;0;0
5185;4401980;3;0;0;0;0
5186;4402980;3;0;0;0;0
5187;4403980;3;0;0;0;0
5188;4404980;3;0;0;0;0
5189;4405980;3;0;0;0;0
5190;4406980;3;0;0;0;0
5191;4407980;3;0;0;0;0
5192;4408980;3;0;0;0;0
5193;4409980;3;0;0;0;0
5194;4410980;3;0;0;0;0
5195;4411980;3;0;0;0;0
5196;4412980;3;0;0;0;0
5197;4413982;3;0;0;0;0
5198;4413989;2;0;0;0;0
5199;4413998;1;0;1;0;0
5200;4414017;2;0;1;0;0
5201;4414025;1;0;0;0;0
5202;4414980;3;0;0;0;0
5203;4415980;3;0;0;0;0
5204;4416980;3;0;0;0;0
5205;4417980;3;0;0;0;0
5206;4418980;3;0;0;0;0
5207;4419980;3;0;0;0;0
5208;4420980;3;0;0;0;0
5209;4421980;3;0;0;0;0
5210;4422980;3;0;0;0;0
5211;4423980;3;0;0;0;0
5212;4424980;3;0;0;0;0
5213;4425980;3;0;0;0;0
5214;4426980;3;0;0;0;0
5215;4427980;3;0;0;0;0
5216;4428980;3;0;0;0;0
5217;4429980;3;0;0;0;0
5218;4430980;3;0;0;0;0
5219;4431980;3;0;0;0;0
5220;4432980;3;0;0;0;0
5221;4433982;3;0;0;0;0
5222;4433989;2;0;0;0;0
5223;4433998;1;0;1;0;0
5224;4434017;2;0;1;0;0
5225;4434025;1;0;0;0;0
5226;4434980;3;0;0;0;0
5227;4435980;3;0;0;0;0
5228;4436980;3;0;0;0;0
5229;4437980;3;0;0;0;0
5230;4438980;3;0;0;0;0
5231;4439980;3;0;0;0;0
5232;4440980;3;0;0;0;0
5233;4441980;3;0;0;0;0
5234;4442980;3;0;0;0;0
5235;4443980;3;0;0;0;0
5236;4444980;3;0;0;0;0
5237;4445980;3;0;0;0;0
5238;4446980;3;0;0;0;0
5239;4447980;3;0;0;0;0
5240;4448980;3;0;0;0;0
5241;4449980;3;0;0;0;0
5242;4450980;3;0;0;0;0
5243;4451980;3;0;0;0;0
5244;4452980;3;0;0;0;0
5245;4453982;3;0;0;0;0
5246;4453989;2;0;0;0;0
5247;4453998;1;0;1;0;0
5248;4454017;2;0;1;0;0
5249;4454025;1;0;0;0;0
5250;4454980;3;0;0;0;0
5251;4455980;3;0;0;0;0
5252;4456980;3;0;0;0;0
5253;4457980;3;0;0;0;0
5254;4458980;3;0;0;0;0
5255;4459980;3;0;0;0;0
5256;4460980;3;0;0;0;0
5257;4461980;3;0;0;0;0
5258;4462980;3;0;0;0;0
5259;4463980;3;0;0;0;0
5260;4464980;3;0;0;0;0
5261;4465980;3;0;0;0;0
5262;4466980;3;0;0;0;0
5263;4467980;3;0;0;0;0
5264;4468980;3;0;0;0;0
5265;4469980;3;0;0;0;0
5266;4470980;3;0;0;0;0
5267;4471980;3;0;0;0;0
5268;4472980;3;0;0;0;0
5269;4473982;3;0;0;0;0
5270;4473989;2;0;0;0;0
5271;4473998;1;0;1;0;0
5272;4474017;2;0;1;0;0
5273;4474025;1;0;0;0;0
5274;4474980;3;0;0;0;0
5275;4475980;3;0;0;0;0
5276;4476980;3;0;0;0;0
5277;4477980;3;0;0;0;0
5278;4478980;3;0;0;0;0
5279;4479980;3;0;0;0;0
5280;4480980;3;0;0;0;0
5281;4481980;3;0;0;0;0
5282;4482980;3;0;0;0;0
5283;4483980;3;0;0;0;0
5284;4484980;3;0;0;0;0
5285;4485980;3;0;0;0;0
5286;4486980;3;0;0;0;0
5287;4487980;3;0;0;0;0
5288;4488980;3;0;0;0;0
5289;4489980;3;0;0;0;0
5290;4490980;3;0;0;0;0
5291;4491980;3;0;0;0;0
5292;4492980;3;0;0;0;0
5293;4493982;3;0;0;0;0
5294;4493989;2;0;0;0;0
5295;4493998;1;0;1;0;0
5296;4494017;2;0;1;0;0
5297;4494025;1;0;0;0;0
5298;4494980;3;0;0;0;0
5299;4495980;3;0;0;0;0
5300;4496980;3;0;0;0;0
5301;4497980;3;0;0;0;0
5302;4498980;3;0;0;0;0
5303;4499980;3;0;0;0;0
5304;4500980;3;0;0;0;0
5305;4501980;3;0;0;0;0
5306;4502980;3;0;0;0;0
5307;4503980;3;0;0;0;0
5308;4504980;3;0;0;0;0
5309;4505980;3;0;0;0;0
5310;4506980;3;0;0;0;0
5311;4507980;3;0;0;0;0
5312;4508980;3;0;0;0;0
5313;4509980;3;0;0;0;0
5314;4510980;3;0;0;0;0
5315;4511980;3;0;0;0;0
5316;4512980;3;0;0;0;0
5317;4513982;3;0;0;0;0
5318;4513989;2;0;0;0;0
5319;4513998;1;0;1;0;0
5320;4514017;2;0;1;0;0
5321;4514025;1;0;0;0;0
5322;4514980;3;0;0;0;0
5323;4515980;3;0;0;0;0
5324;4516980;3;0;0;0;0
5325;4517980;3;0;0;0;0
5326;4518980;3;0;0;0;0
5327;4519980;3;0;0;0;0
5328;4520980;3;0;0;0;0
5329;4521980;3;0;0;0;0
5330;4522980;3;0;0;0;0
5331;4523980;3;0;0;0;0
5332;4524980;3;0;0;0;0
5333;4525980;3;0;0;0;0
5334;4526980;3;0;0;0;0
5335;4527980;3;0;0;0;0
5336;4528980;3;0;0;0;0
5337;4529980;3;0;0;0;0
5338;4530980;3;0;0;0;0
5339;4531980;3;0;0;0;0
5340;4532980;3;0;0;0;0
5341;4533982;3;0;0;0;0
5342;4533989;2;0;0;0;0
5343;4533998;1;0;1;0;0
5344;4534017;2;0;1;0;0
5345;4534026;1;0;0;0;0
5346;4534980;3;0;0;0;0
5347;4535980;3;0;0;0;0
5348;4536980;3;0;0;0;0
5349;4537982;3;0;0;0;0
5350;4537989;2;0;0;0;0
5351;4537998;1;0;1;1;0
5352;4538979;3;0;1;1;0
5353;4539979;3;0;1;1;0
5354;4540979;3;0;1;1;0
5355;4541979;3;0;1;1;0
5356;4542979;3;0;1;1;0
5357;4543979;3;0;1;1;0
5358;4544979;3;0;1;1;0
5359;4545979;3;0;1;1;0
5360;4546979;3;0;1;1;0
5361;4547979;3;0;1;1;0
5362;4548979;3;0;1;1;0
5363;4549979;3;0;1;1;0
5364;4550979;3;0;1;1;0
5365;4551979;3;0;1;1;0
5366;4552979;3;0;1;1;0
5367;4553389;2;0;1;1;0
5368;4553396;1;0;0;0;0
5369;4553984;3;0;0;0;0
5370;4553991;2;0;0;0;0
5371;4553999;1;0;1;2;0
5372;4554979;3;0;1;2;0
5373;4555979;3;0;1;2;0
5374;4556979;3;0;1;2;0
5375;4557979;3;0;1;2;0
5376;4558979;3;0;1;2;0
5377;4559979;3;0;1;2;0
5378;4560979;3;0;1;2;0
5379;4561979;3;0;1;2;0
5380;4562979;3;0;1;2;0
5381;4563979;3;0;1;2;0
5382;4564979;3;0;1;2;0
5383;4565979;3;0;1;2;0
5384;4566979;3;0;1;2;0
5385;4567979;3;0;1;2;0
5386;4568981;3;0;1;2;0
5387;4569395;2;0;1;2;0
5388;4569403;1;0;1;0;0
5389;4569422;2;0;1;0;0
5390;4569430;1;0;1;3;0
5391;4569979;3;0;1;3;0
5392;4570979;3;0;1;3;0
5393;4571979;3;0;1;3;0
5394;4572979;3;0;1;3;0
5395;4573979;3;0;1;3;0
5396;4574979;3;0;1;3;0
5397;4575979;3;0;1;3;0
5398;4576979;3;0;1;3;0
5399;4577979;3;0;1;3;0
5400;4578979;3;0;1;3;0
5401;4579979;3;0;1;3;0
5402;4580979;3;0;1;3;0
5403;4581979;3;0;1;3;0
5404;4582979;3;0;1;3;0
5405;4583979;3;0;1;3;0
5406;4584828;2;0;1;3;0
5407;4584836;1;0;0;0;0
5408;4584982;3;0;0;0;0
5409;4584989;2;0;0;0;0
5410;4584998;1;0;1;4;0
5411;4585979;3;0;1;4;0
5412;4586979;3;0;1;4;0
5413;4587979;3;0;1;4;0
5414;4588981;3;0;1;4;0
5415;4589979;3;0;1;4;0
5416;4590979;3;0;1;4;0
5417;4591979;3;0;1;4;0
5418;4592979;3;0;1;4;0
5419;4593979;3;0;1;4;0
5420;4594979;3;0;1;4;0
5421;4595979;3;0;1;4;0
5422;4596979;3;0;1;4;0
5423;4597979;3;0;1;4;0
5424;4598981;3;0;1;4;0
5425;4599136;2;0;1;4;0
5426;4599144;1;0;1;0;0
5427;4599163;2;0;1;0;0
5428;4599171;1;0;1;5;0
5429;4599979;3;0;1;5;0
5430;4600979;3;0;1;5;0
5431;4601979;3;0;1;5;0
5432;4602979;3;0;1;5;0
5433;4603979;3;0;1;5;0
5434;4604979;3;0;1;5;0
5435;4605979;3;0;1;5;0
5436;4606979;3;0;1;5;0
5437;4607979;3;0;1;5;0
5438;4608979;3;0;1;5;0
5439;4609979;3;0;1;5;0
5440;4610979;3;0;1;5;0
5441;4611979;3;0;1;5;0
5442;4612979;3;0;1;5;0
5443;4613979;3;0;1;5;0
5444;4614576;2;0;1;5;0
5445;4614584;1;0;0;0;0
5446;4614980;3;0;0;0;0
5447;4615980;3;0;0;0;0
5448;4616980;3;0;0;0;0
5449;4617980;3;0;0;0;0
5450;4618982;3;0;0;0;0
5451;4618989;2;0;0;0;0
5452;4618998;1;0;1;0;0
5453;4619017;2;0;1;0;0
5454;4619025;1;0;0;0;0
5455;4619980;3;0;0;0;0
5456;4620980;3;0;0;0;0
5457;4621980;3;0;0;0;0
5458;4622980;3;0;0;0;0
5459;4623980;3;0;0;0;0
5460;4624980;3;0;0;0;0
5461;4625980;3;0;0;0;0
5462;4626980;3;0;0;0;0
5463;4627980;3;0;0;0;0
5464;4628980;3;0;0;0;0
5465;4629980;3;0;0;0;0
5466;4630980;3;0;0;0;0
5467;4631980;3;0;0;0;0
5468;4632980;3;0;0;0;0
5469;4633980;3;0;0;0;0
5470;4634980;3;0;0;0;0
5471;4635980;3;0;0;0;0
5472;4636980;3;0;0;0;0
5473;4637980;3;0;0;0;0
5474;4638982;3;0;0;0;0
5475;4638989;2;0;0;0;0
5476;4638998;1;0;1;0;0
5477;4639017;2;0;1;0;0
5478;4639025;1;0;0;0;0
5479;4639980;3;0;0;0;0
5480;4640980;3;0;0;0;0
5481;4641980;3;0;0;0;0
5482;4642980;3;0;0;0;0
5483;4643980;3;0;0;0;0
5484;4644980;3;0;0;0;0
5485;4645980;3;0;0;0;0
5486;4646980;3;0;0;0;0
5487;4647980;3;0;0;0;0
5488;4648980;3;0;0;0;0
5489;4649980;3;0;0;0;0
5490;4650980;3;0;0;0;0
5491;4651980;3;0;0;0;0
5492;4652980;3;0;0;0;0
5493;4653980;3;0;0;0;0
5494;4654980;3;0;0;0;0
5495;4655980;3;0;0;0;0
5496;4656980;3;0;0;0;0
5497;4657980;3;0;0;0;0
5498;4658982;3;0;0;0;0
5499;4658989;2;0;0;0;0
5500;4658998;1;0;1;0;0
5501;4659017;2;0;1;0;0
5502;4659025;1;0;0;0;0
5503;4659980;3;0;0;0;0
5504;4660980;3;0;0;0;0
5505;4661980;3;0;0;0;0
5506;4662980;3;0;0;0;0
5507;4663980;3;0;0;0;0
5508;4664980;3;0;0;0;0
5509;4665980;3;0;0;0;0
5510;4666980;3;0;0;0;0
5511;4667980;3;0;0;0;0
5512;4668980;3;0;0;0;0
5513;4669980;3;0;0;0;0
5514;4670980;3;0;0;0;0
5515;4671980;3;0;0;0;0
5516;4672980;3;0;0;0;0
5517;4673980;3;0;0;0;0
5518;4674980;3;0;0;0;0
5519;4675980;3;0;0;0;0
5520;4676980;3;0;0;0;0
5521;4677980;3;0;0;0;0
5522;4678982;3;0;0;0;0
5523;4678989;2;0;0;0;0
5524;4678998;1;0;1;0;0
5525;4679017;2;0;1;0;0
5526;4679025;1;0;0;0;0
5527;4679980;3;0;0;0;0
5528;4680980;3;0;0;0;0
5529;4681980;3;0;0;0;0
5530;4682980;3;0;0;0;0
5531;4683980;3;0;0;0;0
5532;4684980;3;0;0;0;0
5533;4685980;3;0;0;0;0
5534;4686980;3;0;0;0;0
5535;4687980;3;0;0;0;0
5536;4688980;3;0;0;0;0
5537;4689980;3;0;0;0;0
5538;4690980;3;0;0;0;0
5539;4691980;3;0;0;0;0
5540;4692980;3;0;0;0;0
5541;4693980;3;0;0;0;0
5542;4694980;3;0;0;0;0
5543;4695980;3;0;0;0;0
5544;4696980;3;0;0;0;0
5545;4697980;3;0;0;0;0
5546;4698982;3;0;0;0;0
5547;4698989;2;0;0;0;0
5548;4698998;1;0;1;0;0
5549;4699017;2;0;1;0;0
5550;4699025;1;0;0;0;0
5551;4699980;3;0;0;0;0
5552;4700980;3;0;0;0;0
5553;4701980;3;0;0;0;0
5554;4702980;3;0;0;0;0
5555;4703980;3;0;0;0;0
5556;4704980;3;0;0;0;0
5557;4705980;3;0;0;0;0
5558;4706980;3;0;0;0;0
5559;4707980;3;0;0;0;0
5560;4708980;3;0;0;0;0
5561;4709980;3;0;0;0;0
5562;4710980;3;0;0;0;0
5563;4711980;3;0;0;0;0
5564;4712980;3;0;0;0;0
5565;4713980;3;0;0;0;0
5566;4714980;3;0;0;0;0
5567;4715980;3;0;0;0;0
5568;4716980;3;0;0;0;0
5569;4717980;3;0;0;0;0
5570;4718982;3;0;0;0;0
5571;4718989;2;0;0;0;0
5572;4718998;1;0;1;0;0
5573;4719017;2;0;1;0;0
5574;4719025;1;0;0;0;0
5575;4719980;3;0;0;0;0
5576;4720980;3;0;0;0;0
5577;4721980;3;0;0;0;0
5578;4722980;3;0;0;0;0
5579;4723980;3;0;0;0;0
5580;4724980;3;0;0;0;0
5581;4725980;3;0;0;0;0
5582;4726980;3;0;0;0;0
5583;4727980;3;0;0;0;0
5584;4728980;3;0;0;0;0
5585;4729980;3;0;0;0;0
5586;4730980;3;0;0;0;0
5587;4731980;3;0;0;0;0
5588;4732980;3;0;0;0;0
5589;4733980;3;0;0;0;0
5590;4734980;3;0;0;0;0
5591;4735980;3;0;0;0;0
5592;4736980;3;0;0;0;0
5593;4737980;3;0;0;0;0
5594;4738982;3;0;0;0;0
5595;4738989;2;0;0;0;0
5596;4738998;1;0;1;0;0
5597;4739017;2;0;1;0;0
5598;4739025;1;0;0;0;0
5599;4739980;3;0;0;0;0
5600;4740980;3;0;0;0;0
5601;4741980;3;0;0;0;0
5602;4742980;3;0;0;0;0
5603;4743980;3;0;0;0;0
5604;4744980;3;0;0;0;0
5605;4745980;3;0;0;0;0
5606;4746980;3;0;0;0;0
5607;4747980;3;0;0;0;0
5608;4748980;3;0;0;0;0
5609;4749980;3;0;0;0;0
5610;4750980;3;0;0;0;0
5611;4751980;3;0;0;0;0
5612;4752980;3;0;0;0;0
5613;4753980;3;0;0;0;0
5614;4754980;3;0;0;0;0
5615;4755980;3;0;0;0;0
5616;4756980;3;0;0;0;0
5617;4757980;3;0;0;0;0
5618;4758982;3;0;0;0;0
5619;4758989;2;0;0;0;0
5620;4758998;1;0;1;0;0
5621;4759017;2;0;1;0;0
5622;4759025;1;0;0;0;0
5623;4759980;3;0;0;0;0
5624;4760980;3;0;0;0;0
5625;4761980;3;0;0;0;0
5626;4762980;3;0;0;0;0
5627;4763980;3;0;0;0;0
5628;4764980;3;0;0;0;0
5629;4765980;3;0;0;0;0
5630;4766980;3;0;0;0;0
5631;4767980;3;0;0;0;0
5632;4768980;3;0;0;0;0
5633;4769980;3;0;0;0;0
5634;4770980;3;0;0;0;0
5635;4771980;3;0;0;0;0
5636;4772980;3;0;0;0;0
5637;4773980;3;0;0;0;0
5638;4774980;3;0;0;0;0
5639;4775980;3;0;0;0;0
5640;4776980;3;0;0;0;0
5641;4777980;3;0;0;0;0
5642;4778982;3;0;0;0;0
5643;4778989;2;0;0;0;0
5644;4778998;1;0;1;0;0
5645;4779017;2;0;1;0;0
5646;4779025;1;0;0;0;0
5647;4779980;3;0;0;0;0
5648;4780980;3;0;0;0;0
5649;4781980;3;0;0;0;0
5650;4782980;3;0;0;0;0
5651;4783980;3;0;0;0;0
5652;4784980;3;0;0;0;0
5653;4785980;3;0;0;0;0
5654;4786980;3;0;0;0;0
5655;4787980;3;0;0;0;0
5656;4788980;3;0;0;0;0
5657;4789980;3;0;0;0;0
5658;4790980;3;0;0;0;0
5659;4791980;3;0;0;0;0
5660;4792980;3;0;0;0;0
5661;4793980;3;0;0;0;0
5662;4794980;3;0;0;0;0
5663;4795980;3;0;0;0;0
5664;4796980;3;0;0;0;0
5665;4797980;3;0;0;0;0
5666;4798982;3;0;0;0;0
5667;4798989;2;0;0;0;0
5668;4798998;1;0;1;0;0
5669;4799017;2;0;1;0;0
5670;4799025;1;0;0;0;0
5671;4799980;3;0;0;0;0
5672;4800980;3;0;0;0;0
5673;4801980;3;0;0;0;0
5674;4802980;3;0;0;0;0
5675;4803980;3;0;0;0;0
5676;4804980;3;0;0;0;0
5677;4805980;3;0;0;0;0
5678;4806980;3;0;0;0;0
5679;4807980;3;0;0;0;0
5680;4808980;3;0;0;0;0
5681;4809980;3;0;0;0;0
5682;4810980;3;0;0;0;0
5683;4811980;3;0;0;0;0
5684;4812980;3;0;0;0;0
5685;4813980;3;0;0;0;0
5686;4814980;3;0;0;0;0
5687;4815980;3;0;0;0;0
5688;4816980;3;0;0;0;0
5689;4817980;3;0;0;0;0
5690;4818982;3;0;0;0;0
5691;4818989;2;0;0;0;0
5692;4818998;1;0;1;0;0
5693;4819017;2;0;1;0;0
5694;4819025;1;0;0;0;0
5695;4819980;3;0;0;0;0
5696;4820980;3;0;0;0;0
5697;4821980;3;0;0;0;0
5698;4822980;3;0;0;0;0
5699;4823980;3;0;0;0;0
5700;4824980;3;0;0;0;0
5701;4825980;3;0;0;0;0
5702;4826980;3;0;0;0;0
5703;4827980;3;0;0;0;0
5704;4828980;3;0;0;0;0
5705;4829980;3;0;0;0;0
5706;4830980;3;0;0;0;0
5707;4831980;3;0;0;0;0
5708;4832980;3;0;0;0;0
5709;4833980;3;0;0;0;0
5710;4834980;3;0;0;0;0
5711;4835980;3;0;0;0;0
5712;4836980;3;0;0;0;0
5713;4837980;3;0;0;0;0
5714;4838982;3;0;0;0;0
5715;4838989;2;0;0;0;0
5716;4838998;1;0;1;0;0
5717;4839017;2;0;1;0;0
5718;4839025;1;0;0;0;0
5719;4839980;3;0;0;0;0
5720;4840980;3;0;0;0;0
5721;4841980;3;0;0;0;0
5722;4842980;3;0;0;0;0
5723;4843980;3;0;0;0;0
5724;4844980;3;0;0;0;0
5725;4845980;3;0;0;0;0
5726;4846980;3;0;0;0;0
5727;4847980;3;0;0;0;0
5728;4848980;3;0;0;0;0
5729;4849980;3;0;0;0;0
5730;4850980;3;0;0;0;0
5731;4851980;3;0;0;0;0
5732;4852980;3;0;0;0;0
5733;4853980;3;0;0;0;0
5734;4854980;3;0;0;0;0
5735;4855980;3;0;0;0;0
5736;4856980;3;0;0;0;0
5737;4857980;3;0;0;0;0
5738;4858982;3;0;0;0;0
5739;4858989;2;0;0;0;0
5740;4858998;1;0;1;0;0
5741;4859017;2;0;1;0;0
5742;4859025;1;0;0;0;0
5743;4859980;3;0;0;0;0
5744;4860980;3;0;0;0;0
5745;4861980;3;0;0;0;0
5746;4862980;3;0;0;0;0
5747;4863980;3;0;0;0;0
5748;4864980;3;0;0;0;0
5749;4865980;3;0;0;0;0
5750;4866980;3;0;0;0;0
5751;4867980;3;0;0;0;0
5752;4868980;3;0;0;0;0
5753;4869980;3;0;0;0;0
5754;4870980;3;0;0;0;0
5755;4871980;3;0;0;0;0
5756;4872980;3;0;0;0;0
5757;4873980;3;0;0;0;0
5758;4874980;3;0;0;0;0
5759;4875980;3;0;0;0;0
5760;4876980;3;0;0;0;0
5761;4877980;3;0;0;0;0
5762;4878982;3;0;0;0;0
5763;4878989;2;0;0;0;0
5764;4878998;1;0;1;0;0
5765;4879017;2;0;1;0;0
5766;4879025;1;0;0;0;0
5767;4879980;3;0;0;0;0
5768;4880980;3;0;0;0;0
5769;4881980;3;0;0;0;0
5770;4882980;3;0;0;0;0
5771;4883980;3;0;0;0;0
5772;4884980;3;0;0;0;0
5773;4885980;3;0;0;0;0
5774;4886980;3;0;0;0;0
5775;4887980;3;0;0;0;0
5776;4888980;3;0;0;0;0
5777;4889980;3;0;0;0;0
5778;4890980;3;0;0;0;0
5779;4891980;3;0;0;0;0
5780;4892980;3;0;0;0;0
5781;4893980;3;0;0;0;0
5782;4894980;3;0;0;0;0
5783;4895980;3;0;0;0;0
5784;4896980;3;0;0;0;0
5785;4897980;3;0;0;0;0
5786;4898982;3;0;0;0;0
5787;4898989;2;0;0;0;0
5788;4898998;1;0;1;0;0
5789;4899017;2;0;1;0;0
5790;4899025;1;0;0;0;0
5791;4899980;3;0;0;0;0
5792;4900980;3;0;0;0;0
5793;4901980;3;0;0;0;0
5794;4902980;3;0;0;0;0
5795;4903980;3;0;0;0;0
5796;4904980;3;0;0;0;0
5797;4905980;3;0;0;0;0
5798;4906980;3;0;0;0;0
5799;4907980;3;0;0;0;0
5800;4908980;3;0;0;0;0
5801;4909980;3;0;0;0;0
5802;4910980;3;0;0;0;0
5803;4911980;3;0;0;0;0
5804;4912980;3;0;0;0;0
5805;4913980;3;0;0;0;0
5806;4914980;3;0;0;0;0
5807;4915980;3;0;0;0;0
5808;4916980;3;0;0;0;0
5809;4917980;3;0;0;0;0
5810;4918982;3;0;0;0;0
5811;4918989;2;0;0;0;0
5812;4918998;1;0;1;0;0
5813;4919017;2;0;1;0;0
5814;4919025;1;0;0;0;0
5815;4919980;3;0;0;0;0
5816;4920980;3;0;0;0;0
5817;4921980;3;0;0;0;0
5818;4922980;3;0;0;0;0
5819;4923980;3;0;0;0;0
5820;4924980;3;0;0;0;0
5821;4925980;3;0;0;0;0
5822;4926980;3;0;0;0;0
5823;4927980;3;0;0;0;0
5824;4928980;3;0;0;0;0
5825;4929980;3;0;0;0;0
5826;4930980;3;0;0;0;0
5827;4931980;3;0;0;0;0
5828;4932980;3;0;0;0;0
5829;4933980;3;0;0;0;0
5830;4934980;3;0;0;0;0
5831;4935980;3;0;0;0;0
5832;4936980;3;0;0;0;0
5833;4937980;3;0;0;0;0
5834;4938982;3;0;0;0;0
5835;4938989;2;0;0;0;0
5836;4938998;1;0;1;0;0
5837;4939017;2;0;1;0;0
5838;4939025;1;0;0;0;0
5839;4939980;3;0;0;0;0
5840;4940980;3;0;0;0;0
5841;4941980;3;0;0;0;0
5842;4942980;3;0;0;0;0
5843;4943980;3;0;0;0;0
5844;4944980;3;0;0;0;0
5845;4945980;3;0;0;0;0
5846;4946980;3;0;0;0;0
5847;4947980;3;0;0;0;0
5848;4948980;3;0;0;0;0
5849;4949980;3;0;0;0;0
5850;4950980;3;0;0;0;0
5851;4951980;3;0;0;0;0
5852;4952980;3;0;0;0;0
5853;4953980;3;0;0;0;0
5854;4954980;3;0;0;0;0
5855;4955980;3;0;0;0;0
5856;4956980;3;0;0;0;0
5857;4957980;3;0;0;0;0
5858;4958982;3;0;0;0;0
5859;4958989;2;0;0;0;0
5860;4958998;1;0;1;0;0
5861;4959017;2;0;1;0;0
5862;4959025;1;0;0;0;0
5863;4959980;3;0;0;0;0
5864;4960980;3;0;0;0;0
5865;4961980;3;0;0;0;0
5866;4962980;3;0;0;0;0
5867;4963980;3;0;0;0;0
5868;4964980;3;0;0;0;0
5869;4965980;3;0;0;0;0
5870;4966980;3;0;0;0;0
5871;4967980;3;0;0;0;0
5872;4968980;3;0;0;0;0
5873;4969980;3;0;0;0;0
5874;4970980;3;0;0;0;0
5875;4971980;3;0;0;0;0
5876;4972980;3;0;0;0;0
5877;4973980;3;0;0;0;0
5878;4974980;3;0;0;0;0
5879;4975980;3;0;0;0;0
5880;4976980;3;0;0;0;0
5881;4977980;3;0;0;0;0
5882;4978982;3;0;0;0;0
5883;4978989;2;0;0;0;0
5884;4978998;1;0;1;0;0
5885;4979017;2;0;1;0;0
5886;4979025;1;0;0;0;0
5887;4979980;3;0;0;0;0
5888;4980980;3;0;0;0;0
5889;4981980;3;0;0;0;0
5890;4982980;3;0;0;0;0
5891;4983980;3;0;0;0;0
5892;4984980;3;0;0;0;0
5893;4985980;3;0;0;0;0
5894;4986980;3;0;0;0;0
5895;4987980;3;0;0;0;0
5896;4988980;3;0;0;0;0
5897;4989980;3;0;0;0;0
5898;4990980;3;0;0;0;0
5899;4991980;3;0;0;0;0
5900;4992980;3;0;0;0;0
5901;4993980;3;0;0;0;0
5902;4994980;3;0;0;0;0
5903;4995980;3;0;0;0;0
5904;4996980;3;0;0;0;0
5905;4997980;3;0;0;0;0
5906;4998982;3;0;0;0;0
5907;4998989;2;0;0;0;0
5908;4998998;1;0;1;0;0
5909;4999017;2;0;1;0;0
5910;4999025;1;0;0;0;0
5911;4999980;3;0;0;0;0
5912;5000980;3;0;0;0;0
5913;5001980;3;0;0;0;0
5914;5002980;3;0;0;0;0
5915;5003980;3;0;0;0;0
5916;5004980;3;0;0;0;0
5917;5005980;3;0;0;0;0
5918;5006980;3;0;0;0;0
5919;5007980;3;0;0;0;0
5920;5008980;3;0;0;0;0
5921;5009980;3;0;0;0;0
5922;5010980;3;0;0;0;0
5923;5011980;3;0;0;0;0
5924;5012980;3;0;0;0;0
5925;5013980;3;0;0;0;0
5926;5014980;3;0;0;0;0
5927;5015980;3;0;0;0;0
5928;5016980;3;0;0;0;0
5929;5017980;3;0;0;0;0
5930;5018982;3;0;0;0;0
5931;5018989;2;0;0;0;0
5932;5018998;1;0;1;0;0
5933;5019017;2;0;1;0;0
5934;5019025;1;0;0;0;0
5935;5019980;3;0;0;0;0
5936;5020980;3;0;0;0;0
5937;5021980;3;0;0;0;0
5938;5022980;3;0;0;0;0
5939;5023980;3;0;0;0;0
5940;5024980;3;0;0;0;0
5941;5025980;3;0;0;0;0
5942;5026980;3;0;0;0;0
5943;5027980;3;0;0;0;0
5944;5028980;3;0;0;0;0
5945;5029980;3;0;0;0;0
5946;5030980;3;0;0;0;0
5947;5031980;3;0;0;0;0
5948;5032980;3;0;0;0;0
5949;5033980;3;0;0;0;0
5950;5034980;3;0;0;0;0
5951;5035980;3;0;0;0;0
5952;5036980;3;0;0;0;0
5953;5037982;3;0;0;0;0
5954;5037989;2;0;0;0;0
5955;5037998;1;0;1;1;0
5956;5038981;3;0;1;1;0
5957;5039979;3;0;1;1;0
5958;5040979;3;0;1;1;0
5959;5041979;3;0;1;1;0
5960;5042979;3;0;1;1;0
5961;5043979;3;0;1;1;0
5962;5044979;3;0;1;1;0
5963;5045979;3;0;1;1;0
5964;5046979;3;0;1;1;0
5965;5047979;3;0;1;1;0
5966;5048979;3;0;1;1;0
5967;5049979;3;0;1;1;0
5968;5050979;3;0;1;1;0
5969;5051979;3;0;1;1;0
5970;5052979;3;0;1;1;0
5971;5053390;2;0;1;1;0
5972;5053398;1;0;1;0;0
5973;5053417;2;0;1;0;0
5974;5053426;1;0;0;0;0
5975;5053982;3;0;0;0;0
5976;5053989;2;0;0;0;0
5977;5053998;1;0;1;2;0
5978;5054979;3;0;1;2;0
5979;5055979;3;0;1;2;0
5980;5056979;3;0;1;2;0
5981;5057979;3;0;1;2;0
5982;5058979;3;0;1;2;0
5983;5059979;3;0;1;2;0
5984;5060979;3;0;1;2;0
5985;5061979;3;0;1;2;0
5986;5062979;3;0;1;2;0
5987;5063979;3;0;1;2;0
5988;5064979;3;0;1;2;0
5989;5065979;3;0;1;2;0
5990;5066979;3;0;1;2;0
5991;5067979;3;0;1;2;0
5992;5068981;3;0;1;2;0
5993;5069394;2;0;1;2;0
5994;5069401;1;0;1;3;0
5995;5069979;3;0;1;3;0
5996;5070979;3;0;1;3;0
5997;5071979;3;0;1;3;0
5998;5072981;3;0;1;3;0
5999;5073979;3;0;1;3;0
6000;5074979;3;0;1;3;0
6001;5075979;3;0;1;3;0
6002;5076979;3;0;1;3;0
6003;5077979;3;0;1;3;0
6004;5078979;3;0;1;3;0
6005;5079979;3;0;1;3;0
6006;5080979;3;0;1;3;0
6007;5081979;3;0;1;3;0
6008;5082979;3;0;1;3;0
6009;5083979;3;0;1;3;0
6010;5084801;2;0;1;3;0
6011;5084809;1;0;1;0;0
6012;5084828;2;0;1;0;0
6013;5084836;1;0;0;0;0
6014;5084982;3;0;0;0;0
6015;5084989;2;0;0;0;0
6016;5084998;1;0;1;4;0
6017;5085979;3;0;1;4;0
6018;5086979;3;0;1;4;0
6019;5087979;3;0;1;4;0
6020;5088979;3;0;1;4;0
6021;5089979;3;0;1;4;0
6022;5090979;3;0;1;4;0
6023;5091979;3;0;1;4;0
6024;5092979;3;0;1;4;0
6025;5093979;3;0;1;4;0
6026;5094979;3;0;1;4;0
6027;5095979;3;0;1;4;0
6028;5096979;3;0;1;4;0
6029;5097979;3;0;1;4;0
6030;5098981;3;0;1;4;0
6031;5099134;2;0;1;4;0
6032;5099142;1;0;1;5;0
6033;5099979;3;0;1;5;0
6034;5100979;3;0;1;5;0
6035;5101979;3;0;1;5;0
6036;5102979;3;0;1;5;0
6037;5103981;3;0;1;5;0
6038;5104979;3;0;1;5;0
6039;5105979;3;0;1;5;0
6040;5106979;3;0;1;5;0
6041;5107979;3;0;1;5;0
6042;5108979;3;0;1;5;0
6043;5109979;3;0;1;5;0
6044;5110979;3;0;1;5;0
6045;5111979;3;0;1;5;0
6046;5112979;3;0;1;5;0
6047;5113979;3;0;1;5;0
6048;5114548;2;0;1;5;0
6049;5114557;1;0;1;0;0
6050;5114576;2;0;1;0;0
6051;5114584;1;0;0;0;0
6052;5114980;3;0;0;0;0
6053;5115980;3;0;0;0;0
6054;5116980;3;0;0;0;0
6055;5117980;3;0;0;0;0
6056;5118980;3;0;0;0;0
6057;5119980;3;0;0;0;0
6058;5120980;3;0;0;0;0
6059;5121980;3;0;0;0;0
6060;5122980;3;0;0;0;0
6061;5123980;3;0;0;0;0
6062;5124980;3;0;0;0;0
6063;5125980;3;0;0;0;0
6064;5126980;3;0;0;0;0
6065;5127980;3;0;0;0;0
6066;5128980;3;0;0;0;0
6067;5129980;3;0;0;0;0
6068;5130980;3;0;0;0;0
6069;5131980;3;0;0;0;0
6070;5132980;3;0;0;0;0
6071;5133982;3;0;0;0;0
6072;5133989;2;0;0;0;0
6073;5133998;1;0;1;0;0
6074;5134017;2;0;1;0;0
6075;5134025;1;0;0;0;0
6076;5134980;3;0;0;0;0
6077;5135980;3;0;0;0;0
6078;5136980;3;0;0;0;0
6079;5137980;3;0;0;0;0
6080;5138980;3;0;0;0;0
6081;5139980;3;0;0;0;0
6082;5140980;3;0;0;0;0
6083;5141980;3;0;0;0;0
6084;5142980;3;0;0;0;0
6085;5143980;3;0;0;0;0
6086;5144980;3;0;0;0;0
6087;5145980;3;0;0;0;0
6088;5146980;3;0;0;0;0
6089;5147980;3;0;0;0;0
6090;5148980;3;0;0;0;0
6091;5149980;3;0;0;0;0
6092;5150980;3;0;0;0;0
6093;5151980;3;0;0;0;0
6094;5152980;3;0;0;0;0
6095;5153982;3;0;0;0;0
6096;5153989;2;0;0;0;0
6097;5153998;1;0;1;0;0
6098;5154017;2;0;1;0;0
6099;5154025;1;0;0;0;0
6100;5154980;3;0;0;0;0
6101;5155980;3;0;0;0;0
6102;5156980;3;0;0;0;0
6103;5157980;3;0;0;0;0
6104;5158980;3;0;0;0;0
6105;5159980;3;0;0;0;0
6106;5160980;3;0;0;0;0
6107;5161980;3;0;0;0;0
6108;5162980;3;0;0;0;0
6109;5163980;3;0;0;0;0
6110;5164980;3;0;0;0;0
6111;5165980;3;0;0;0;0
6112;5166980;3;0;0;0;0
6113;5167980;3;0;0;0;0
6114;5168980;3;0;0;0;0
6115;5169980;3;0;0;0;0
6116;5170980;3;0;0;0;0
6117;5171980;3;0;0;0;0
6118;5172980;3;0;0;0;0
6119;5173982;3;0;0;0;0
6120;5173989;2;0;0;0;0
6121;5173998;1;0;1;0;0
6122;5174017;2;0;1;0;0
6123;5174025;1;0;0;0;0
6124;5174980;3;0;0;0;0
6125;5175980;3;0;0;0;0
6126;5176980;3;0;0;0;0
6127;5177980;3;0;0;0;0
6128;5178980;3;0;0;0;0
6129;5179980;3;0;0;0;0
6130;5180980;3;0;0;0;0
6131;5181980;3;0;0;0;0
6132;5182980;3;0;0;0;0
6133;5183980;3;0;0;0;0
6134;5184980;3;0;0;0;0
6135;5185980;3;0;0;0;0
6136;5186980;3;0;0;0;0
6137;5187980;3;0;0;0;0
6138;5188980;3;0;0;0;0
6139;5189980;3;0;0;0;0
6140;5190980;3;0;0;0;0
6141;5191980;3;0;0;0;0
6142;5192980;3;0;0;0;0
6143;5193982;3;0;0;0;0
6144;5193989;2;0;0;0;0
6145;5193998;1;0;1;0;0
6146;5194017;2;0;1;0;0
6147;5194025;1;0;0;0;0
6148;5194980;3;0;0;0;0
6149;5195980;3;0;0;0;0
6150;5196980;3;0;0;0;0
6151;5197980;3;0;0;0;0
6152;5198980;3;0;0;0;0
6153;5199980;3;0;0;0;0
6154;5200980;3;0;0;0;0
6155;5201980;3;0;0;0;0
6156;5202980;3;0;0;0;0
6157;5203980;3;0;0;0;0
6158;5204980;3;0;0;0;0
6159;5205980;3;0;0;0;0
6160;5206980;3;0;0;0;0
6161;5207980;3;0;0;0;0
6162;5208980;3;0;0;0;0
6163;5209980;3;0;0;0;0
6164;5210980;3;0;0;0;0
6165;5211980;3;0;0;0;0
6166;5212980;3;0;0;0;0
6167;5213982;3;0;0;0;0
6168;5213989;2;0;0;0;0
6169;5213998;1;0;1;0;0
6170;5214017;2;0;1;0;0
6171;5214025;1;0;0;0;0
6172;5214980;3;0;0;0;0
6173;5215980;3;0;0;0;0
6174;5216980;3;0;0;0;0
6175;5217980;3;0;0;0;0
6176;5218980;3;0;0;0;0
6177;5219980;3;0;0;0;0
6178;5220980;3;0;0;0;0
6179;5221980;3;0;0;0;0
6180;5222980;3;0;0;0;0
6181;5223980;3;0;0;0;0
6182;5224980;3;0;0;0;0
6183;5225980;3;0;0;0;0
6184;5226980;3;0;0;0;0
6185;5227980;3;0;0;0;0
6186;5228980;3;0;0;0;0
6187;5229980;3;0;0;0;0
6188;5230980;3;0;0;0;0
6189;5231980;3;0;0;0;0
6190;5232980;3;0;0;0;0
6191;5233982;3;0;0;0;0
6192;5233989;2;0;0;0;0
6193;5233998;1;0;1;0;0
6194;5234017;2;0;1;0;0
6195;5234025;1;0;0;0;0
6196;5234980;3;0;0;0;0
6197;5235980;3;0;0;0;0
6198;5236980;3;0;0;0;0
6199;5237980;3;0;0;0;0
6200;5238980;3;0;0;0;0
6201;5239980;3;0;0;0;0
6202;5240980;3;0;0;0;0
6203;5241980;3;0;0;0;0
6204;5242980;3;0;0;0;0
6205;5243980;3;0;0;0;0
6206;5244980;3;0;0;0;0
6207;5245980;3;0;0;0;0
6208;5246980;3;0;0;0;0
6209;5247980;3;0;0;0;0
6210;5248980;3;0;0;0;0
6211;5249980;3;0;0;0;0
6212;5250980;3;0;0;0;0
6213;5251980;3;0;0;0;0
6214;5252980;3;0;0;0;0
6215;5253982;3;0;0;0;0
6216;5253989;2;0;0;0;0
6217;5253998;1;0;1;0;0
6218;5254017;2;0;1;0;0
6219;5254025;1;0;0;0;0
6220;5254980;3;0;0;0;0
6221;5255980;3;0;0;0;0
6222;5256980;3;0;0;0;0
6223;5257980;3;0;0;0;0
6224;5258980;3;0;0;0;0
6225;5259980;3;0;0;0;0
6226;5260980;3;0;0;0;0
6227;5261980;3;0;0;0;0
6228;5262980;3;0;0;0;0
6229;5263980;3;0;0;0;0
6230;5264980;3;0;0;0;0
6231;5265980;3;0;0;0;0
6232;5266980;3;0;0;0;0
6233;5267980;3;0;0;0;0
6234;5268980;3;0;0;0;0
6235;5269980;3;0;0;0;0
6236;5270980;3;0;0;0;0
6237;5271980;3;0;0;0;0
6238;5272980;3;0;0;0;0
6239;5273982;3;0;0;0;0
6240;5273989;2;0;0;0;0
6241;5273998;1;0;1;0;0
6242;5274017;2;0;1;0;0
6243;5274025;1;0;0;0;0
6244;5274980;3;0;0;0;0
6245;5275980;3;0;0;0;0
6246;5276980;3;0;0;0;0
6247;5277980;3;0;0;0;0
6248;5278980;3;0;0;0;0
6249;5279980;3;0;0;0;0
6250;5280980;3;0;0;0;0
6251;5281980;3;0;0;0;0
6252;5282980;3;0;0;0;0
6253;5283980;3;0;0;0;0
6254;5284980;3;0;0;0;0
6255;5285980;3;0;0;0;0
6256;5286980;3;0;0;0;0
6257;5287980;3;0;0;0;0
6258;5288980;3;0;0;0;0
6259;5289980;3;0;0;0;0
6260;5290980;3;0;0;0;0
6261;5291980;3;0;0;0;0
6262;5292980;3;0;0;0;0
6263;5293982;3;0;0;0;0
6264;5293989;2;0;0;0;0
6265;5293998;1;0;1;0;0
6266;5294017;2;0;1;0;0
6267;5294025;1;0;0;0;0
6268;5294980;3;0;0;0;0
6269;5295980;3;0;0;0;0
6270;5296980;3;0;0;0;0
6271;5297980;3;0;0;0;0
6272;5298980;3;0;0;0;0
6273;5299980;3;0;0;0;0
6274;5300980;3;0;0;0;0
6275;5301980;3;0;0;0;0
6276;5302980;3;0;0;0;0
6277;5303980;3;0;0;0;0
6278;5304980;3;0;0;0;0
6279;5305980;3;0;0;0;0
6280;5306980;3;0;0;0;0
6281;5307980;3;0;0;0;0
6282;5308980;3;0;0;0;0
6283;5309980;3;0;0;0;0
6284;5310980;3;0;0;0;0
6285;5311980;3;0;0;0;0
6286;5312980;3;0;0;0;0
6287;5313982;3;0;0;0;0
6288;5313989;2;0;0;0;0
6289;5313998;1;0;1;0;0
6290;5314017;2;0;1;0;0
6291;5314025;1;0;0;0;0
6292;5314980;3;0;0;0;0
6293;5315980;3;0;0;0;0
6294;5316980;3;0;0;0;0
6295;5317980;3;0;0;0;0
6296;5318980;3;0;0;0;0
6297;5319980;3;0;0;0;0
6298;5320980;3;0;0;0;0
6299;5321980;3;0;0;0;0
6300;5322980;3;0;0;0;0
6301;5323980;3;0;0;0;0
6302;5324980;3;0;0;0;0
6303;5325980;3;0;0;0;0
6304;5326980;3;0;0;0;0
6305;5327980;3;0;0;0;0
6306;5328980;3;0;0;0;0
6307;5329980;3;0;0;0;0
6308;5330980;3;0;0;0;0
6309;5331980;3;0;0;0;0
6310;5332980;3;0;0;0;0
6311;5333982;3;0;0;0;0
6312;5333989;2;0;0;0;0
6313;5333998;1;0;1;0;0
6314;5334017;2;0;1;0;0
6315;5334025;1;0;0;0;0
6316;5334980;3;0;0;0;0
6317;5335980;3;0;0;0;0
6318;5336980;3;0;0;0;0
6319;5337980;3;0;0;0;0
6320;5338980;3;0;0;0;0
6321;5339980;3;0;0;0;0
6322;5340980;3;0;0;0;0
6323;5341980;3;0;0;0;0
6324;5342980;3;0;0;0;0
6325;5343980;3;0;0;0;0
6326;5344980;3;0;0;0;0
6327;5345980;3;0;0;0;0
6328;5346980;3;0;0;0;0
6329;5347980;3;0;0;0;0
6330;5348980;3;0;0;0;0
6331;5349980;3;0;0;0;0
6332;5350980;3;0;0;0;0
6333;5351980;3;0;0;0;0
6334;5352980;3;0;0;0;0
6335;5353982;3;0;0;0;0
6336;5353989;2;0;0;0;0
6337;5353998;1;0;1;0;0
6338;5354017;2;0;1;0;0
6339;5354025;1;0;0;0;0
6340;5354980;3;0;0;0;0
6341;5355980;3;0;0;0;0
6342;5356980;3;0;0;0;0
6343;5357980;3;0;0;0;0
6344;5358980;3;0;0;0;0
6345;5359980;3;0;0;0;0
6346;5360980;3;0;0;0;0
6347;5361980;3;0;0;0;0
6348;5362980;3;0;0;0;0
6349;5363980;3;0;0;0;0
6350;5364980;3;0;0;0;0
6351;5365980;3;0;0;0;0
6352;5366980;3;0;0;0;0
6353;5367980;3;0;0;0;0
6354;5368980;3;0;0;0;0
6355;5369980;3;0;0;0;0
6356;5370980;3;0;0;0;0
6357;5371980;3;0;0;0;0
6358;5372980;3;0;0;0;0
6359;5373982;3;0;0;0;0
6360;5373989;2;0;0;0;0
6361;5373998;1;0;1;0;0
6362;5374017;2;0;1;0;0
6363;5374025;1;0;0;0;0
6364;5374980;3;0;0;0;0
6365;5375980;3;0;0;0;0
6366;5376980;3;0;0;0;0
6367;5377980;3;0;0;0;0
6368;5378980;3;0;0;0;0
6369;5379980;3;0;0;0;0
6370;5380980;3;0;0;0;0
6371;5381980;3;0;0;0;0
6372;5382980;3;0;0;0;0
6373;5383980;3;0;0;0;0
6374;5384980;3;0;0;0;0
6375;5385980;3;0;0;0;0
6376;5386980;3;0;0;0;0
6377;5387980;3;0;0;0;0
6378;5388980;3;0;0;0;0
6379;5389980;3;0;0;0;0
6380;5390980;3;0;0;0;0
6381;5391980;3;0;0;0;0
6382;5392980;3;0;0;0;0
6383;5393982;3;0;0;0;0
6384;5393989;2;0;0;0;0
6385;5393998;1;0;1;0;0
6386;5394017;2;0;1;0;0
6387;5394025;1;0;0;0;0
6388;5394980;3;0;0;0;0
6389;5395980;3;0;0;0;0
6390;5396980;3;0;0;0;0
6391;5397980;3;0;0;0;0
6392;5398980;3;0;0;0;0
6393;5399980;3;0;0;0;0
6394;5400980;3;0;0;0;0
6395;5401980;3;0;0;0;0
6396;5402980;3;0;0;0;0
6397;5403980;3;0;0;0;0
6398;5404980;3;0;0;0;0
6399;5405980;3;0;0;0;0
6400;5406980;3;0;0;0;0
6401;5407980;3;0;0;0;0
6402;5408980;3;0;0;0;0
6403;5409980;3;0;0;0;0
6404;5410980;3;0;0;0;0
6405;5411980;3;0;0;0;0
6406;5412980;3;0;0;0;0
6407;5413982;3;0;0;0;0
6408;5413989;2;0;0;0;0
6409;5413998;1;0;1;0;0
6410;5414017;2;0;1;0;0
6411;5414025;1;0;0;0;0
6412;5414980;3;0;0;0;0
6413;5415980;3;0;0;0;0
6414;5416980;3;0;0;0;0
6415;5417980;3;0;0;0;0
6416;5418980;3;0;0;0;0
6417;5419980;3;0;0;0;0
6418;5420980;3;0;0;0;0
6419;5421980;3;0;0;0;0
6420;5422980;3;0;0;0;0
6421;5423980;3;0;0;0;0
6422;5424980;3;0;0;0;0
6423;5425980;3;0;0;0;0
6424;5426980;3;0;0;0;0
6425;5427980;3;0;0;0;0
6426;5428980;3;0;0;0;0
6427;5429980;3;0;0;0;0
6428;5430980;3;0;0;0;0
6429;5431980;3;0;0;0;0
6430;5432980;3;0;0;0;0
6431;5433982;3;0;0;0;0
6432;5433989;2;0;0;0;0
6433;5433998;1;0;1;0;0
6434;5434017;2;0;1;0;0
6435;5434025;1;0;0;0;0
6436;5434980;3;0;0;0;0
6437;5435980;3;0;0;0;0
6438;5436980;3;0;0;0;0
6439;5437980;3;0;0;0;0
6440;5438980;3;0;0;0;0
6441;5439980;3;0;0;0;0
6442;5440980;3;0;0;0;0
6443;5441980;3;0;0;0;0
6444;5442980;3;0;0;0;0
6445;5443980;3;0;0;0;0
6446;5444980;3;0;0;0;0
6447;5445980;3;0;0;0;0
6448;5446980;3;0;0;0;0
6449;5447980;3;0;0;0;0
6450;5448980;3;0;0;0;0
6451;5449980;3;0;0;0;0
6452;5450980;3;0;0;0;0
6453;5451980;3;0;0;0;0
6454;5452980;3;0;0;0;0
6455;5453982;3;0;0;0;0
6456;5453989;2;0;0;0;0
6457;5453998;1;0;1;0;0
6458;5454017;2;0;1;0;0
6459;5454025;1;0;0;0;0
6460;5454980;3;0;0;0;0
6461;5455980;3;0;0;0;0
6462;5456980;3;0;0;0;0
6463;5457980;3;0;0;0;0
6464;5458980;3;0;0;0;0
6465;5459980;3;0;0;0;0
6466;5460980;3;0;0;0;0
6467;5461980;3;0;0;0;0
6468;5462980;3;0;0;0;0
6469;5463980;3;0;0;0;0
6470;5464980;3;0;0;0;0
6471;5465980;3;0;0;0;0
6472;5466980;3;0;0;0;0
6473;5467980;3;0;0;0;0
6474;5468980;3;0;0;0;0
6475;5469980;3;0;0;0;0
6476;5470980;3;0;0;0;0
6477;5471980;3;0;0;0;0
6478;5472980;3;0;0;0;0
6479;5473982;3;0;0;0;0
6480;5473989;2;0;0;0;0
6481;5473998;1;0;1;0;0
6482;5474017;2;0;1;0;0
6483;5474025;1;0;0;0;0
6484;5474980;3;0;0;0;0
6485;5475980;3;0;0;0;0
6486;5476980;3;0;0;0;0
6487;5477980;3;0;0;0;0
6488;5478980;3;0;0;0;0
6489;5479980;3;0;0;0;0
6490;5480980;3;0;0;0;0
6491;5481980;3;0;0;0;0
6492;5482980;3;0;0;0;0
6493;5483980;3;0;0;0;0
6494;5484980;3;0;0;0;0
6495;5485980;3;0;0;0;0
6496;5486980;3;0;0;0;0
6497;5487980;3;0;0;0;0
6498;5488980;3;0;0;0;0
6499;5489980;3;0;0;0;0
6500;5490980;3;0;0;0;0
6501;5491980;3;0;0;0;0
6502;5492980;3;0;0;0;0
6503;5493982;3;0;0;0;0
6504;5493989;2;0;0;0;0
6505;5493998;1;0;1;0;0
6506;5494017;2;0;1;0;0
6507;5494025;1;0;0;0;0
6508;5494980;3;0;0;0;0
6509;5495980;3;0;0;0;0
6510;5496980;3;0;0;0;0
6511;5497980;3;0;0;0;0
6512;5498980;3;0;0;0;0
6513;5499980;3;0;0;0;0
6514;5500980;3;0;0;0;0
6515;5501980;3;0;0;0;0
6516;5502980;3;0;0;0;0
6517;5503980;3;0;0;0;0
6518;5504980;3;0;0;0;0
6519;5505980;3;0;0;0;0
6520;5506980;3;0;0;0;0
6521;5507980;3;0;0;0;0
6522;5508980;3;0;0;0;0
6523;5509980;3;0;0;0;0
6524;5510980;3;0;0;0;0
6525;5511980;3;0;0;0;0
6526;5512980;3;0;0;0;0
6527;5513982;3;0;0;0;0
6528;5513989;2;0;0;0;0
6529;5513998;1;0;1;0;0
6530;5514017;2;0;1;0;0
6531;5514025;1;0;0;0;0
6532;5514980;3;0;0;0;0
6533;5515980;3;0;0;0;0
6534;5516980;3;0;0;0;0
6535;5517980;3;0;0;0;0
6536;5518980;3;0;0;0;0
6537;5519980;3;0;0;0;0
6538;5520980;3;0;0;0;0
6539;5521980;3;0;0;0;0
6540;5522980;3;0;0;0;0
6541;5523980;3;0;0;0;0
6542;5524980;3;0;0;0;0
6543;5525980;3;0;0;0;0
6544;5526980;3;0;0;0;0
6545;5527980;3;0;0;0;0
6546;5528980;3;0;0;0;0
6547;5529980;3;0;0;0;0
6548;5530980;3;0;0;0;0
6549;5531980;3;0;0;0;0
6550;5532980;3;0;0;0;0
6551;5533982;3;0;0;0;0
6552;5533989;2;0;0;0;0
6553;5533998;1;0;1;0;0
6554;5534017;2;0;1;0;0
6555;5534026;1;0;0;0;0
6556;5534980;3;0;0;0;0
6557;5535980;3;0;0;0;0
6558;5536980;3;0;0;0;0
6559;5537982;3;0;0;0;0
6560;5537989;2;0;0;0;0
6561;5537998;1;0;1;1;0
6562;5538979;3;0;1;1;0
6563;5539979;3;0;1;1;0
6564;5540979;3;0;1;1;0
6565;5541979;3;0;1;1;0
6566;5542979;3;0;1;1;0
6567;5543979;3;0;1;1;0
6568;5544979;3;0;1;1;0
6569;5545979;3;0;1;1;0
6570;5546979;3;0;1;1;0
6571;5547979;3;0;1;1;0
6572;5548979;3;0;1;1;0
6573;5549979;3;0;1;1;0
6574;5550979;3;0;1;1;0
6575;5551979;3;0;1;1;0
6576;5552979;3;0;1;1;0
6577;5553389;2;0;1;1;0
6578;5553396;1;0;0;0;0
6579;5553984;3;0;0;0;0
6580;5553991;2;0;0;0;0
6581;5553999;1;0;1;2;0
6582;5554979;3;0;1;2;0
6583;5555979;3;0;1;2;0
6584;5556979;3;0;1;2;0
6585;5557979;3;0;1;2;0
6586;5558979;3;0;1;2;0
6587;5559979;3;0;1;2;0
6588;5560979;3;0;1;2;0
6589;5561979;3;0;1;2;0
6590;5562979;3;0;1;2;0
6591;5563979;3;0;1;2;0
6592;5564979;3;0;1;2;0
6593;5565979;3;0;1;2;0
6594;5566979;3;0;1;2;0
6595;5567979;3;0;1;2;0
6596;5568981;3;0;1;2;0
6597;5569395;2;0;1;2;0
6598;5569403;1;0;1;0;0
6599;5569422;2;0;1;0;0
6600;5569430;1;0;1;3;0
6601;5569979;3;0;1;3;0
6602;5570979;3;0;1;3;0
6603;5571979;3;0;1;3;0
6604;5572979;3;0;1;3;0
6605;5573979;3;0;1;3;0
6606;5574979;3;0;1;3;0
6607;5575979;3;0;1;3;0
6608;5576979;3;0;1;3;0
6609;5577979;3;0;1;3;0
6610;5578979;3;0;1;3;0
6611;5579979;3;0;1;3;0
6612;5580979;3;0;1;3;0
6613;5581979;3;0;1;3;0
6614;5582979;3;0;1;3;0
6615;5583979;3;0;1;3;0
6616;5584828;2;0;1;3;0
6617;5584836;1;0;0;0;0
6618;5584982;3;0;0;0;0
6619;5584989;2;0;0;0;0
6620;5584998;1;0;1;4;0
6621;5585979;3;0;1;4;0
6622;5586979;3;0;1;4;0
6623;5587979;3;0;1;4;0
6624;5588981;3;0;1;4;0
6625;5589979;3;0;1;4;0
6626;5590979;3;0;1;4;0
6627;5591979;3;0;1;4;0
6628;5592979;3;0;1;4;0
6629;5593979;3;0;1;4;0
6630;5594979;3;0;1;4;0
6631;5595979;3;0;1;4;0
6632;5596979;3;0;1;4;0
6633;5597979;3;0;1;4;0
6634;5598981;3;0;1;4;0
6635;5599136;2;0;1;4;0
6636;5599144;1;0;1;0;0
6637;5599163;2;0;1;0;0
6638;5599171;1;0;1;5;0
6639;5599979;3;0;1;5;0
6640;5600979;3;0;1;5;0
6641;5601979;3;0;1;5;0
6642;5602979;3;0;1;5;0
6643;5603979;3;0;1;5;0
6644;5604979;3;0;1;5;0
6645;5605979;3;0;1;5;0
6646;5606979;3;0;1;5;0
6647;5607979;3;0;1;5;0
6648;5608979;3;0;1;5;0
6649;5609979;3;0;1;5;0
6650;5610979;3;0;1;5;0
6651;5611979;3;0;1;5;0
6652;5612979;3;0;1;5;0
6653;5613979;3;0;1;5;0
6654;5614576;2;0;1;5;0
6655;5614584;1;0;0;0;0
6656;5614980;3;0;0;0;0
6657;5615980;3;0;0;0;0
6658;5616980;3;0;0;0;0
6659;5617980;3;0;0;0;0
6660;5618982;3;0;0;0;0
6661;5618989;2;0;0;0;0
6662;5618998;1;0;1;0;0
6663;5619017;2;0;1;0;0
6664;5619025;1;0;0;0;0
6665;5619980;3;0;0;0;0
6666;5620980;3;0;0;0;0
6667;5621980;3;0;0;0;0
6668;5622980;3;0;0;0;0
6669;5623980;3;0;0;0;0
6670;5624980;3;0;0;0;0
6671;5625980;3;0;0;0;0
6672;5626980;3;0;0;0;0
6673;5627980;3;0;0;0;0
6674;5628980;3;0;0;0;0
6675;5629980;3;0;0;0;0
6676;5630980;3;0;0;0;0
6677;5631980;3;0;0;0;0
6678;5632980;3;0;0;0;0
6679;5633980;3;0;0;0;0
6680;5634980;3;0;0;0;0
6681;5635980;3;0;0;0;0
6682;5636980;3;0;0;0;0
6683;5637980;3;0;0;0;0
6684;5638982;3;0;0;0;0
6685;5638989;2;0;0;0;0
6686;5638998;1;0;1;0;0
6687;5639017;2;0;1;0;0
6688;5639025;1;0;0;0;0
6689;5639980;3;0;0;0;0
6690;5640980;3;0;0;0;0
6691;5641980;3;0;0;0;0
6692;5642980;3;0;0;0;0
6693;5643980;3;0;0;0;0
6694;5644980;3;0;0;0;0
6695;5645980;3;0;0;0;0
6696;5646980;3;0;0;0;0
6697;5647980;3;0;0;0;0
6698;5648980;3;0;0;0;0
6699;5649980;3;0;0;0;0
6700;5650980;3;0;0;0;0
6701;5651980;3;0;0;0;0
6702;5652980;3;0;0;0;0
6703;5653980;3;0;0;0;0
6704;5654980;3;0;0;0;0
6705;5655980;3;0;0;0;0
6706;5656980;3;0;0;0;0
6707;5657980;3;0;0;0;0
6708;5658982;3;0;0;0;0
6709;5658989;2;0;0;0;0
6710;5658998;1;0;1;0;0
6711;5659017;2;0;1;0;0
6712;5659025;1;0;0;0;0
6713;5659980;3;0;0;0;0
6714;5660980;3;0;0;0;0
6715;5661980;3;0;0;0;0
6716;5662980;3;0;0;0;0
6717;5663980;3;0;0;0;0
6718;5664980;3;0;0;0;0
6719;5665980;3;0;0;0;0
6720;5666980;3;0;0;0;0
6721;5667980;3;0;0;0;0
6722;5668980;3;0;0;0;0
6723;5669980;3;0;0;0;0
6724;5670980;3;0;0;0;0
6725;5671980;3;0;0;0;0
6726;5672980;3;0;0;0;0
6727;5673980;3;0;0;0;0
6728;5674980;3;0;0;0;0
6729;5675980;3;0;0;0;0
6730;5676980;3;0;0;0;0
6731;5677980;3;0;0;0;0
6732;5678982;3;0;0;0;0
6733;5678989;2;0;0;0;0
6734;5678998;1;0;1;0;0
6735;5679017;2;0;1;0;0
6736;5679025;1;0;0;0;0
6737;5679980;3;0;0;0;0
6738;5680980;3;0;0;0;0
6739;5681980;3;0;0;0;0
6740;5682980;3;0;0;0;0
6741;5683980;3;0;0;0;0
6742;5684980;3;0;0;0;0
6743;5685980;3;0;0;0;0
6744;5686980;3;0;0;0;0
6745;5687980;3;0;0;0;0
6746;5688980;3;0;0;0;0
6747;5689980;3;0;0;0;0
6748;5690980;3;0;0;0;0
6749;5691980;3;0;0;0;0
6750;5692980;3;0;0;0;0
6751;5693980;3;0;0;0;0
6752;5694980;3;0;0;0;0
6753;5695980;3;0;0;0;0
6754;5696980;3;0;0;0;0
6755;5697980;3;0;0;0;0
6756;5698982;3;0;0;0;0
6757;5698989;2;0;0;0;0
6758;5698998;1;0;1;0;0
6759;5699017;2;0;1;0;0
6760;5699025;1;0;0;0;0
6761;5699980;3;0;0;0;0
6762;5700980;3;0;0;0;0
6763;5701980;3;0;0;0;0
6764;5702980;3;0;0;0;0
6765;5703980;3;0;0;0;0
6766;5704980;3;0;0;0;0
6767;5705980;3;0;0;0;0
6768;5706980;3;0;0;0;0
6769;5707980;3;0;0;0;0
6770;5708980;3;0;0;0;0
6771;5709980;3;0;0;0;0
6772;5710980;3;0;0;0;0
6773;5711980;3;0;0;0;0
6774;5712980;3;0;0;0;0
6775;5713980;3;0;0;0;0
6776;5714980;3;0;0;0;0
6777;5715980;3;0;0;0;0
6778;5716980;3;0;0;0;0
6779;5717980;3;0;0;0;0
6780;5718982;3;0;0;0;0
6781;5718989;2;0;0;0;0
6782;5718998;1;0;1;0;0
6783;5719017;2;0;1;0;0
6784;5719025;1;0;0;0;0
6785;5719980;3;0;0;0;0
6786;5720980;3;0;0;0;0
6787;5721980;3;0;0;0;0
6788;5722980;3;0;0;0;0
6789;5723980;3;0;0;0;0
6790;5724980;3;0;0;0;0
6791;5725980;3;0;0;0;0
6792;5726980;3;0;0;0;0
6793;5727980;3;0;0;0;0
6794;5728980;3;0;0;0;0
6795;5729980;3;0;0;0;0
6796;5730980;3;0;0;0;0
6797;5731980;3;0;0;0;0
6798;5732980;3;0;0;0;0
6799;5733980;3;0;0;0;0
6800;5734980;3;0;0;0;0
6801;5735980;3;0;0;0;0
6802;5736980;3;0;0;0;0
6803;5737980;3;0;0;0;0
6804;5738982;3;0;0;0;0
6805;5738989;2;0;0;0;0
6806;5738998;1;0;1;0;0
6807;5739017;2;0;1;0;0
6808;5739025;1;0;0;0;0
6809;5739980;3;0;0;0;0
6810;5740980;3;0;0;0;0
6811;5741980;3;0;0;0;0
6812;5742980;3;0;0;0;0
6813;5743980;3;0;0;0;0
6814;5744980;3;0;0;0;0
6815;5745980;3;0;0;0;0
6816;5746980;3;0;0;0;0
6817;5747980;3;0;0;0;0
6818;5748980;3;0;0;0;0
6819;5749980;3;0;0;0;0
6820;5750980;3;0;0;0;0
6821;5751980;3;0;0;0;0
6822;5752980;3;0;0;0;0
6823;5753980;3;0;0;0;0
6824;5754980;3;0;0;0;0
6825;5755980;3;0;0;0;0
6826;5756980;3;0;0;0;0
6827;5757980;3;0;0;0;0
6828;5758982;3;0;0;0;0
6829;5758989;2;0;0;0;0
6830;5758998;1;0;1;0;0
6831;5759017;2;0;1;0;0
6832;5759025;1;0;0;0;0
6833;5759980;3;0;0;0;0
6834;5760980;3;0;0;0;0
6835;5761980;3;0;0;0;0
6836;5762980;3;0;0;0;0
6837;5763980;3;0;0;0;0
6838;5764980;3;0;0;0;0
6839;5765980;3;0;0;0;0
6840;5766980;3;0;0;0;0
6841;5767980;3;0;0;0;0
6842;5768980;3;0;0;0;0
6843;5769980;3;0;0;0;0
6844;5770980;3;0;0;0;0
6845;5771980;3;0;0;0;0
6846;5772980;3;0;0;0;0
6847;5773980;3;0;0;0;0
6848;5774980;3;0;0;0;0
6849;5775980;3;0;0;0;0
6850;5776980;3;0;0;0;0
6851;5777980;3;0;0;0;0
6852;5778982;3;0;0;0;0
6853;5778989;2;0;0;0;0
6854;5778998;1;0;1;0;0
6855;5779017;2;0;1;0;0
6856;5779025;1;0;0;0;0
6857;5779980;3;0;0;0;0
6858;5780980;3;0;0;0;0
6859;5781980;3;0;0;0;0
6860;5782980;3;0;0;0;0
6861;5783980;3;0;0;0;0
6862;5784980;3;0;0;0;0
6863;5785980;3;0;0;0;0
6864;5786980;3;0;0;0;0
6865;5787980;3;0;0;0;0
6866;5788980;3;0;0;0;0
6867;5789980;3;0;0;0;0
6868;5790980;3;0;0;0;0
6869;5791980;3;0;0;0;0
6870;5792980;3;0;0;0;0
6871;5793980;3;0;0;0;0
6872;5794980;3;0;0;0;0
6873;5795980;3;0;0;0;0
6874;5796980;3;0;0;0;0
6875;5797980;3;0;0;0;0
6876;5798982;3;0;0;0;0
6877;5798989;2;0;0;0;0
6878;5798998;1;0;1;0;0
6879;5799017;2;0;1;0;0
6880;5799025;1;0;0;0;0
6881;5799980;3;0;0;0;0
6882;5800980;3;0;0;0;0
6883;5801980;3;0;0;0;0
6884;5802980;3;0;0;0;0
6885;5803980;3;0;0;0;0
6886;5804980;3;0;0;0;0
6887;5805980;3;0;0;0;0
6888;5806980;3;0;0;0;0
6889;5807980;3;0;0;0;0
6890;5808980;3;0;0;0;0
6891;5809980;3;0;0;0;0
6892;5810980;3;0;0;0;0
6893;5811980;3;0;0;0;0
6894;5812980;3;0;0;0;0
6895;5813980;3;0;0;0;0
6896;5814980;3;0;0;0;0
6897;5815980;3;0;0;0;0
6898;5816980;3;0;0;0;0
6899;5817980;3;0;0;0;0
6900;5818982;3;0;0;0;0
6901;5818989;2;0;0;0;0
6902;5818998;1;0;1;0;0
6903;5819017;2;0;1;0;0
6904;5819025;1;0;0;0;0
6905;5819980;3;0;0;0;0
6906;5820980;3;0;0;0;0
6907;5821980;3;0;0;0;0
6908;5822980;3;0;0;0;0
6909;5823980;3;0;0;0;0
6910;5824980;3;0;0;0;0
6911;5825980;3;0;0;0;0
6912;5826980;3;0;0;0;0
6913;5827980;3;0;0;0;0
6914;5828980;3;0;0;0;0
6915;5829980;3;0;0;0;0
6916;5830980;3;0;0;0;0
6917;5831980;3;0;0;0;0
6918;5832980;3;0;0;0;0
6919;5833980;3;0;0;0;0
6920;5834980;3;0;0;0;0
6921;5835980;3;0;0;0;0
6922;5836980;3;0;0;0;0
6923;5837980;3;0;0;0;0
6924;5838982;3;0;0;0;0
6925;5838989;2;0;0;0;0
6926;5838998;1;0;1;0;0
6927;5839017;2;0;1;0;0
6928;5839025;1;0;0;0;0
6929;5839980;3;0;0;0;0
6930;5840980;3;0;0;0;0
6931;5841980;3;0;0;0;0
6932;5842980;3;0;0;0;0
6933;5843980;3;0;0;0;0
6934;5844980;3;0;0;0;0
6935;5845980;3;0;0;0;0
6936;5846980;3;0;0;0;0
6937;5847980;3;0;0;0;0
6938;5848980;3;0;0;0;0
6939;5849980;3;0;0;0;0
6940;5850980;3;0;0;0;0
6941;5851980;3;0;0;0;0
6942;5852980;3;0;0;0;0
6943;5853980;3;0;0;0;0
6944;5854980;3;0;0;0;0
6945;5855980;3;0;0;0;0
6946;5856980;3;0;0;0;0
6947;5857980;3;0;0;0;0
6948;5858982;3;0;0;0;0
6949;5858989;2;0;0;0;0
6950;5858998;1;0;1;0;0
6951;5859017;2;0;1;0;0
6952;5859025;1;0;0;0;0
6953;5859980;3;0;0;0;0
6954;5860980;3;0;0;0;0
6955;5861980;3;0;0;0;0
6956;5862980;3;0;0;0;0
6957;5863980;3;0;0;0;0
6958;5864980;3;0;0;0;0
6959;5865980;3;0;0;0;0
6960;5866980;3;0;0;0;0
6961;5867980;3;0;0;0;0
6962;5868980;3;0;0;0;0
6963;5869980;3;0;0;0;0
6964;5870980;3;0;0;0;0
6965;5871980;3;0;0;0;0
6966;5872980;3;0;0;0;0
6967;5873980;3;0;0;0;0
6968;5874980;3;0;0;0;0
6969;5875980;3;0;0;0;0
6970;5876980;3;0;0;0;0
6971;5877980;3;0;0;0;0
6972;5878982;3;0;0;0;0
6973;5878989;2;0;0;0;0
6974;5878998;1;0;1;0;0
6975;5879017;2;0;1;0;0
6976;5879025;1;0;0;0;0
6977;5879980;3;0;0;0;0
6978;5880980;3;0;0;0;0
6979;5881980;3;0;0;0;0
6980;5882980;3;0;0;0;0
6981;5883980;3;0;0;0;0
6982;5884980;3;0;0;0;0
6983;5885980;3;0;0;0;0
6984;5886980;3;0;0;0;0
6985;5887980;3;0;0;0;0
6986;5888980;3;0;0;0;0
6987;5889980;3;0;0;0;0
6988;5890980;3;0;0;0;0
6989;5891980;3;0;0;0;0
6990;5892980;3;0;0;0;0
6991;5893980;3;0;0;0;0
6992;5894980;3;0;0;0;0
6993;5895980;3;0;0;0;0
6994;5896980;3;0;0;0;0
6995;5897980;3;0;0;0;0
6996;5898982;3;0;0;0;0
6997;5898989;2;0;0;0;0
6998;5898998;1;0;1;0;0
6999;5899017;2;0;1;0;0
7000;5899025;1;0;0;0;0
7001;5899980;3;0;0;0;0
7002;5900980;3;0;0;0;0
7003;5901980;3;0;0;0;0
7004;5902980;3;0;0;0;0
7005;5903980;3;0;0;0;0
7006;5904980;3;0;0;0;0
7007;5905980;3;0;0;0;0
7008;5906980;3;0;0;0;0
7009;5907980;3;0;0;0;0
7010;5908980;3;0;0;0;0
7011;5909980;3;0;0;0;0
7012;5910980;3;0;0;0;0
7013;5911980;3;0;0;0;0
7014;5912980;3;0;0;0;0
7015;5913980;3;0;0;0;0
7016;5914980;3;0;0;0;0
7017;5915980;3;0;0;0;0
7018;5916980;3;0;0;0;0
7019;5917980;3;0;0;0;0
7020;5918982;3;0;0;0;0
7021;5918989;2;0;0;0;0
7022;5918998;1;0;1;0;0
7023;5919017;2;0;1;0;0
7024;5919025;1;0;0;0;0
7025;5919980;3;0;0;0;0
7026;5920980;3;0;0;0;0
7027;5921980;3;0;0;0;0
7028;5922980;3;0;0;0;0
7029;5923980;3;0;0;0;0
7030;5924980;3;0;0;0;0
7031;5925980;3;0;0;0;0
7032;5926980;3;0;0;0;0
7033;5927980;3;0;0;0;0
7034;5928980;3;0;0;0;0
7035;5929980;3;0;0;0;0
7036;5930980;3;0;0;0;0
7037;5931980;3;0;0;0;0
7038;5932980;3;0;0;0;0
7039;5933980;3;0;0;0;0
7040;5934980;3;0;0;0;0
7041;5935980;3;0;0;0;0
7042;5936980;3;0;0;0;0
7043;5937980;3;0;0;0;0
7044;5938982;3;0;0;0;0
7045;5938989;2;0;0;0;0
7046;5938998;1;0;1;0;0
7047;5939017;2;0;1;0;0
7048;5939025;1;0;0;0;0
7049;5939980;3;0;0;0;0
7050;5940980;3;0;0;0;0
7051;5941980;3;0;0;0;0
7052;5942980;3;0;0;0;0
7053;5943980;3;0;0;0;0
7054;5944980;3;0;0;0;0
7055;5945980;3;0;0;0;0
7056;5946980;3;0;0;0;0
7057;5947980;3;0;0;0;0
7058;5948980;3;0;0;0;0
7059;5949980;3;0;0;0;0
7060;5950980;3;0;0;0;0
7061;5951980;3;0;0;0;0
7062;5952980;3;0;0;0;0
7063;5953980;3;0;0;0;0
7064;5954980;3;0;0;0;0
7065;5955980;3;0;0;0;0
7066;5956980;3;0;0;0;0
7067;5957980;3;0;0;0;0
7068;5958982;3;0;0;0;0
7069;5958989;2;0;0;0;0
7070;5958998;1;0;1;0;0
7071;5959017;2;0;1;0;0
7072;5959025;1;0;0;0;0
7073;5959980;3;0;0;0;0
7074;5960980;3;0;0;0;0
7075;5961980;3;0;0;0;0
7076;5962980;3;0;0;0;0
7077;5963980;3;0;0;0;0
7078;5964980;3;0;0;0;0
7079;5965980;3;0;0;0;0
7080;5966980;3;0;0;0;0
7081;5967980;3;0;0;0;0
7082;5968980;3;0;0;0;0
7083;5969980;3;0;0;0;0
7084;5970980;3;0;0;0;0
7085;5971980;3;0;0;0;0
7086;5972980;3;0;0;0;0
7087;5973980;3;0;0;0;0
7088;5974980;3;0;0;0;0
7089;5975980;3;0;0;0;0
7090;5976980;3;0;0;0;0
7091;5977980;3;0;0;0;0
7092;5978982;3;0;0;0;0
7093;5978989;2;0;0;0;0
7094;5978998;1;0;1;0;0
7095;5979017;2;0;1;0;0
7096;5979025;1;0;0;0;0
7097;5979980;3;0;0;0;0
7098;5980980;3;0;0;0;0
7099;5981980;3;0;0;0;0
7100;5982980;3;0;0;0;0
7101;5983980;3;0;0;0;0
7102;5984980;3;0;0;0;0
7103;5985980;3;0;0;0;0
7104;5986980;3;0;0;0;0
7105;5987980;3;0;0;0;0
7106;5988980;3;0;0;0;0
7107;5989980;3;0;0;0;0
7108;5990980;3;0;0;0;0
7109;5991980;3;0;0;0;0
7110;5992980;3;0;0;0;0
7111;5993980;3;0;0;0;0
7112;5994980;3;0;0;0;0
7113;5995980;3;0;0;0;0
7114;5996980;3;0;0;0;0
7115;5997980;3;0;0;0;0
7116;5998982;3;0;0;0;0
7117;5998989;2;0;0;0;0
7118;5998998;1;0;1;0;0
7119;5999017;2;0;1;0;0
7120;5999025;1;0;0;0;0
7121;5999980;3;0;0;0;0
7122;6000980;3;0;0;0;0
7123;6001980;3;0;0;0;0
7124;6002980;3;0;0;0;0
7125;6003980;3;0;0;0;0
7126;6004980;3;0;0;0;0
7127;6005980;3;0;0;0;0
7128;6006980;3;0;0;0;0
7129;6007980;3;0;0;0;0
7130;6008980;3;0;0;0;0
7131;6009980;3;0;0;0;0
7132;6010980;3;0;0;0;0
7133;6011980;3;0;0;0;0
7134;6012980;3;0;0;0;0
7135;6013980;3;0;0;0;0
7136;6014980;3;0;0;0;0
7137;6015980;3;0;0;0;0
7138;6016980;3;0;0;0;0
7139;6017980;3;0;0;0;0
7140;6018982;3;0;0;0;0
7141;6018989;2;0;0;0;0
7142;6018998;1;0;1;0;0
7143;6019017;2;0;1;0;0
7144;6019025;1;0;0;0;0
7145;6019980;3;0;0;0;0
7146;6020980;3;0;0;0;0
7147;6021980;3;0;0;0;0
7148;6022980;3;0;0;0;0
7149;6023980;3;0;0;0;0
7150;6024980;3;0;0;0;0
7151;6025980;3;0;0;0;0
7152;6026980;3;0;0;0;0
7153;6027980;3;0;0;0;0
7154;6028980;3;0;0;0;0
7155;6029980;3;0;0;0;0
7156;6030980;3;0;0;0;0
7157;6031980;3;0;0;0;0
7158;6032980;3;0;0;0;0
7159;6033980;3;0;0;0;0
7160;6034980;3;0;0;0;0
7161;6035980;3;0;0;0;0
7162;6036980;3;0;0;0;0
7163;6037982;3;0;0;0;0
7164;6037989;2;0;0;0;0
7165;6037998;1;0;1;1;0
7166;6038981;3;0;1;1;0
7167;6039979;3;0;1;1;0
7168;6040979;3;0;1;1;0
7169;6041979;3;0;1;1;0
7170;6042979;3;0;1;1;0
7171;6043979;3;0;1;1;0
7172;6044979;3;0;1;1;0
7173;6045979;3;0;1;1;0
7174;6046979;3;0;1;1;0
7175;6047979;3;0;1;1;0
7176;6048979;3;0;1;1;0
7177;6049979;3;0;1;1;0
7178;6050979;3;0;1;1;0
7179;6051979;3;0;1;1;0
7180;6052979;3;0;1;1;0
7181;6053390;2;0;1;1;0
7182;6053398;1;0;1;0;0
7183;6053417;2;0;1;0;0
7184;6053426;1;0;0;0;0
7185;6053982;3;0;0;0;0
7186;6053989;2;0;0;0;0
7187;6053998;1;0;1;2;0
7188;6054979;3;0;1;2;0
7189;6055979;3;0;1;2;0
7190;6056979;3;0;1;2;0
7191;6057979;3;0;1;2;0
7192;6058979;3;0;1;2;0
7193;6059979;3;0;1;2;0
7194;6060979;3;0;1;2;0
7195;6061979;3;0;1;2;0
7196;6062979;3;0;1;2;0
7197;6063979;3;0;1;2;0
7198;6064979;3;0;1;2;0
7199;6065979;3;0;1;2;0
7200;6066979;3;0;1;2;0
7201;6067979;3;0;1;2;0
7202;6068981;3;0;1;2;0
7203;6069394;2;0;1;2;0
7204;6069401;1;0;1;3;0
7205;6069979;3;0;1;3;0
7206;6070979;3;0;1;3;0
7207;6071979;3;0;1;3;0
7208;6072981;3;0;1;3;0
7209;6073979;3;0;1;3;0
7210;6074979;3;0;1;3;0
7211;6075979;3;0;1;3;0
7212;6076979;3;0;1;3;0
7213;6077979;3;0;1;3;0
7214;6078979;3;0;1;3;0
7215;6079979;3;0;1;3;0
7216;6080979;3;0;1;3;0
7217;6081979;3;0;1;3;0
7218;6082979;3;0;1;3;0
7219;6083979;3;0;1;3;0
7220;6084801;2;0;1;3;0
7221;6084809;1;0;1;0;0
7222;6084828;2;0;1;0;0
7223;6084836;1;0;0;0;0
7224;6084982;3;0;0;0;0
7225;6084989;2;0;0;0;0
7226;6084998;1;0;1;4;0
7227;6085979;3;0;1;4;0
7228;6086979;3;0;1;4;0
7229;6087979;3;0;1;4;0
7230;6088979;3;0;1;4;0
7231;6089979;3;0;1;4;0
7232;6090979;3;0;1;4;0
7233;6091979;3;0;1;4;0
7234;6092979;3;0;1;4;0
7235;6093979;3;0;1;4;0
7236;6094979;3;0;1;4;0
7237;6095979;3;0;1;4;0
7238;6096979;3;0;1;4;0
7239;6097979;3;0;1;4;0
7240;6098981;3;0;1;4;0
7241;6099134;2;0;1;4;0
7242;6099142;1;0;1;5;0
7243;6099979;3;0;1;5;0
7244;6100979;3;0;1;5;0
7245;6101979;3;0;1;5;0
7246;6102979;3;0;1;5;0
7247;6103981;3;0;1;5;0
7248;6104979;3;0;1;5;0
7249;6105979;3;0;1;5;0
7250;6106979;3;0;1;5;0
7251;6107979;3;0;1;5;0
7252;6108979;3;0;1;5;0
7253;6109979;3;0;1;5;0
7254;6110979;3;0;1;5;0
7255;6111979;3;0;1;5;0
7256;6112979;3;0;1;5;0
7257;6113979;3;0;1;5;0
7258;6114548;2;0;1;5;0
7259;6114557;1;0;1;0;0
7260;6114576;2;0;1;0;0
7261;6114584;1;0;0;0;0
7262;6114980;3;0;0;0;0
7263;6115980;3;0;0;0;0
7264;6116980;3;0;0;0;0
7265;6117980;3;0;0;0;0
7266;6118980;3;0;0;0;0
7267;6119980;3;0;0;0;0
7268;6120980;3;0;0;0;0
7269;6121980;3;0;0;0;0
7270;6122980;3;0;0;0;0
7271;6123980;3;0;0;0;0
7272;6124980;3;0;0;0;0
7273;6125980;3;0;0;0;0
7274;6126980;3;0;0;0;0
7275;6127980;3;0;0;0;0
7276;6128980;3;0;0;0;0
7277;6129980;3;0;0;0;0
7278;6130980;3;0;0;0;0
7279;6131980;3;0;0;0;0
7280;6132980;3;0;0;0;0
7281;6133982;3;0;0;0;0
7282;6133989;2;0;0;0;0
7283;6133998;1;0;1;0;0
7284;6134017;2;0;1;0;0
7285;6134025;1;0;0;0;0
7286;6134980;3;0;0;0;0
7287;6135980;3;0;0;0;0
7288;6136980;3;0;0;0;0
7289;6137980;3;0;0;0;0
7290;6138980;3;0;0;0;0
7291;6139980;3;0;0;0;0
7292;6140980;3;0;0;0;0
7293;6141980;3;0;0;0;0
7294;6142980;3;0;0;0;0
7295;6143980;3;0;0;0;0
7296;6144980;3;0;0;0;0
7297;6145980;3;0;0;0;0
7298;6146980;3;0;0;0;0
7299;6147980;3;0;0;0;0
7300;6148980;3;0;0;0;0
7301;6149980;3;0;0;0;0
7302;6150980;3;0;0;0;0
7303;6151980;3;0;0;0;0
7304;6152980;3;0;0;0;0
7305;6153982;3;0;0;0;0
7306;6153989;2;0;0;0;0
7307;6153998;1;0;1;0;0
7308;6154017;2;0;1;0;0
7309;6154025;1;0;0;0;0
7310;6154980;3;0;0;0;0
7311;6155980;3;0;0;0;0
7312;6156980;3;0;0;0;0
7313;6157980;3;0;0;0;0
7314;6158980;3;0;0;0;0
7315;6159980;3;0;0;0;0
7316;6160980;3;0;0;0;0
7317;6161980;3;0;0;0;0
7318;6162980;3;0;0;0;0
7319;6163980;3;0;0;0;0
7320;6164980;3;0;0;0;0
7321;6165980;3;0;0;0;0
7322;6166980;3;0;0;0;0
7323;6167980;3;0;0;0;0
7324;6168980;3;0;0;0;0
7325;6169980;3;0;0;0;0
7326;6170980;3;0;0;0;0
7327;6171980;3;0;0;0;0
7328;6172980;3;0;0;0;0
7329;6173982;3;0;0;0;0
7330;6173989;2;0;0;0;0
7331;6173998;1;0;1;0;0
7332;6174017;2;0;1;0;0
7333;6174025;1;0;0;0;0
7334;6174980;3;0;0;0;0
7335;6175980;3;0;0;0;0
7336;6176980;3;0;0;0;0
7337;6177980;3;0;0;0;0
7338;6178980;3;0;0;0;0
7339;6179980;3;0;0;0;0
7340;6180980;3;0;0;0;0
7341;6181980;3;0;0;0;0
7342;6182980;3;0;0;0;0
7343;6183980;3;0;0;0;0
7344;6184980;3;0;0;0;0
7345;6185980;3;0;0;0;0
7346;6186980;3;0;0;0;0
7347;6187980;3;0;0;0;0
7348;6188980;3;0;0;0;0
7349;6189980;3;0;0;0;0
7350;6190980;3;0;0;0;0
7351;6191980;3;0;0;0;0
7352;6192980;3;0;0;0;0
7353;6193982;3;0;0;0;0
7354;6193989;2;0;0;0;0
7355;6193998;1;0;1;0;0
7356;6194017;2;0;1;0;0
7357;6194025;1;0;0;0;0
7358;6194980;3;0;0;0;0
7359;6195980;3;0;0;0;0
7360;6196980;3;0;0;0;0
7361;6197980;3;0;0;0;0
7362;6198980;3;0;0;0;0
7363;6199980;3;0;0;0;0
7364;6200980;3;0;0;0;0
7365;6201980;3;0;0;0;0
7366;6202980;3;0;0;0;0
7367;6203980;3;0;0;0;0
7368;6204980;3;0;0;0;0
7369;6205980;3;0;0;0;0
7370;6206980;3;0;0;0;0
7371;6207980;3;0;0;0;0
7372;6208980;3;0;0;0;0
7373;6209980;3;0;0;0;0
7374;6210980;3;0;0;0;0
7375;6211980;3;0;0;0;0
7376;6212980;3;0;0;0;0
7377;6213982;3;0;0;0;0
7378;6213989;2;0;0;0;0
7379;6213998;1;0;1;0;0
7380;6214017;2;0;1;0;0
7381;6214025;1;0;0;0;0
7382;6214980;3;0;0;0;0
7383;6215980;3;0;0;0;0
7384;6216980;3;0;0;0;0
7385;6217980;3;0;0;0;0
7386;6218980;3;0;0;0;0
7387;6219980;3;0;0;0;0
7388;6220980;3;0;0;0;0
7389;6221980;3;0;0;0;0
7390;6222980;3;0;0;0;0
7391;6223980;3;0;0;0;0
7392;6224980;3;0;0;0;0
7393;6225980;3;0;0;0;0
7394;6226980;3;0;0;0;0
7395;6227980;3;0;0;0;0
7396;6228980;3;0;0;0;0
7397;6229980;3;0;0;0;0
7398;6230980;3;0;0;0;0
7399;6231980;3;0;0;0;0
7400;6232980;3;0;0;0;0
7401;6233982;3;0;0;0;0
7402;6233989;2;0;0;0;0
7403;6233998;1;0;1;0;0
7404;6234017;2;0;1;0;0
7405;6234025;1;0;0;0;0
7406;6234980;3;0;0;0;0
7407;6235980;3;0;0;0;0
7408;6236980;3;0;0;0;0
7409;6237980;3;0;0;0;0
7410;6238980;3;0;0;0;0
7411;6239980;3;0;0;0;0
7412;6240980;3;0;0;0;0
7413;6241980;3;0;0;0;0
7414;6242980;3;0;0;0;0
7415;6243980;3;0;0;0;0
7416;6244980;3;0;0;0;0
7417;6245980;3;0;0;0;0
7418;6246980;3;0;0;0;0
7419;6247980;3;0;0;0;0
7420;6248980;3;0;0;0;0
7421;6249980;3;0;0;0;0
7422;6250980;3;0;0;0;0
7423;6251980;3;0;0;0;0
7424;6252980;3;0;0;0;0
7425;6253982;3;0;0;0;0
7426;6253989;2;0;0;0;0
7427;6253998;1;0;1;0;0
7428;6254017;2;0;1;0;0
7429;6254025;1;0;0;0;0
7430;6254980;3;0;0;0;0
7431;6255980;3;0;0;0;0
7432;6256980;3;0;0;0;0
7433;6257980;3;0;0;0;0
7434;6258980;3;0;0;0;0
7435;6259980;3;0;0;0;0
7436;6260980;3;0;0;0;0
7437;6261980;3;0;0;0;0
7438;6262980;3;0;0;0;0
7439;6263980;3;0;0;0;0
7440;6264980;3;0;0;0;0
7441;6265980;3;0;0;0;0
7442;6266980;3;0;0;0;0
7443;6267980;3;0;0;0;0
7444;6268980;3;0;0;0;0
7445;6269980;3;0;0;0;0
7446;6270980;3;0;0;0;0
7447;6271980;3;0;0;0;0
7448;6272980;3;0;0;0;0
7449;6273982;3;0;0;0;0
7450;6273989;2;0;0;0;0
7451;6273998;1;0;1;0;0
7452;6274017;2;0;1;0;0
7453;6274025;1;0;0;0;0
7454;6274980;3;0;0;0;0
7455;6275980;3;0;0;0;0
7456;6276980;3;0;0;0;0
7457;6277980;3;0;0;0;0
7458;6278980;3;0;0;0;0
7459;6279980;3;0;0;0;0
7460;6280980;3;0;0;0;0
7461;6281980;3;0;0;0;0
7462;6282980;3;0;0;0;0
7463;6283980;3;0;0;0;0
7464;6284980;3;0;0;0;0
7465;6285980;3;0;0;0;0
7466;6286980;3;0;0;0;0
7467;6287980;3;0;0;0;0
7468;6288980;3;0;0;0;0
7469;6289980;3;0;0;0;0
7470;6290980;3;0;0;0;0
7471;6291980;3;0;0;0;0
7472;6292980;3;0;0;0;0
7473;6293982;3;0;0;0;0
7474;6293989;2;0;0;0;0
7475;6293998;1;0;1;0;0
7476;6294017;2;0;1;0;0
7477;6294025;1;0;0;0;0
7478;6294980;3;0;0;0;0
7479;6295980;3;0;0;0;0
7480;6296980;3;0;0;0;0
7481;6297980;3;0;0;0;0
7482;6298980;3;0;0;0;0
7483;6299980;3;0;0;0;0
7484;6300980;3;0;0;0;0
7485;6301980;3;0;0;0;0
7486;6302980;3;0;0;0;0
7487;6303980;3;0;0;0;0
7488;6304980;3;0;0;0;0
7489;6305980;3;0;0;0;0
7490;6306980;3;0;0;0;0
7491;6307980;3;0;0;0;0
7492;6308980;3;0;0;0;0
7493;6309980;3;0;0;0;0
7494;6310980;3;0;0;0;0
7495;6311980;3;0;0;0;0
7496;6312980;3;0;0;0;0
7497;6313982;3;0;0;0;0
7498;6313989;2;0;0;0;0
7499;6313998;1;0;1;0;0
7500;6314017;2;0;1;0;0
7501;6314025;1;0;0;0;0
7502;6314980;3;0;0;0;0
7503;6315980;3;0;0;0;0
7504;6316980;3;0;0;0;0
7505;6317980;3;0;0;0;0
7506;6318980;3;0;0;0;0
7507;6319980;3;0;0;0;0
7508;6320980;3;0;0;0;0
7509;6321980;3;0;0;0;0
7510;6322980;3;0;0;0;0
7511;6323980;3;0;0;0;0
7512;6324980;3;0;0;0;0
7513;6325980;3;0;0;0;0
7514;6326980;3;0;0;0;0
7515;6327980;3;0;0;0;0
7516;6328980;3;0;0;0;0
7517;6329980;3;0;0;0;0
7518;6330980;3;0;0;0;0
7519;6331980;3;0;0;0;0
7520;6332980;3;0;0;0;0
7521;6333982;3;0;0;0;0
7522;6333989;2;0;0;0;0
7523;6333998;1;0;1;0;0
7524;6334017;2;0;1;0;0
7525;6334025;1;0;0;0;0
7526;6334980;3;0;0;0;0
7527;6335980;3;0;0;0;0
7528;6336980;3;0;0;0;0
7529;6337980;3;0;0;0;0
7530;6338980;3;0;0;0;0
7531;6339980;3;0;0;0;0
7532;6340980;3;0;0;0;0
7533;6341980;3;0;0;0;0
7534;6342980;3;0;0;0;0
7535;6343980;3;0;0;0;0
7536;6344980;3;0;0;0;0
7537;6345980;3;0;0;0;0
7538;6346980;3;0;0;0;0
7539;6347980;3;0;0;0;0
7540;6348980;3;0;0;0;0
7541;6349980;3;0;0;0;0
7542;6350980;3;0;0;0;0
7543;6351980;3;0;0;0;0
7544;6352980;3;0;0;0;0
7545;6353982;3;0;0;0;0
7546;6353989;2;0;0;0;0
7547;6353998;1;0;1;0;0
7548;6354017;2;0;1;0;0
7549;6354025;1;0;0;0;0
7550;6354980;3;0;0;0;0
7551;6355980;3;0;0;0;0
7552;6356980;3;0;0;0;0
7553;6357980;3;0;0;0;0
7554;6358980;3;0;0;0;0
7555;6359980;3;0;0;0;0
7556;6360980;3;0;0;0;0
7557;6361980;3;0;0;0;0
7558;6362980;3;0;0;0;0
7559;6363980;3;0;0;0;0
7560;6364980;3;0;0;0;0
7561;6365980;3;0;0;0;0
7562;6366980;3;0;0;0;0
7563;6367980;3;0;0;0;0
7564;6368980;3;0;0;0;0
7565;6369980;3;0;0;0;0
7566;6370980;3;0;0;0;0
7567;6371980;3;0;0;0;0
7568;6372980;3;0;0;0;0
7569;6373982;3;0;0;0;0
7570;6373989;2;0;0;0;0
7571;6373998;1;0;1;0;0
7572;6374017;2;0;1;0;0
7573;6374025;1;0;0;0;0
7574;6374980;3;0;0;0;0
7575;6375980;3;0;0;0;0
7576;6376980;3;0;0;0;0
7577;6377980;3;0;0;0;0
7578;6378980;3;0;0;0;0
7579;6379980;3;0;0;0;0
7580;6380980;3;0;0;0;0
7581;6381980;3;0;0;0;0
7582;6382980;3;0;0;0;0
7583;6383980;3;0;0;0;0
7584;6384980;3;0;0;0;0
7585;6385980;3;0;0;0;0
7586;6386980;3;0;0;0;0
7587;6387980;3;0;0;0;0
7588;6388980;3;0;0;0;0
7589;6389980;3;0;0;0;0
7590;6390980;3;0;0;0;0
7591;6391980;3;0;0;0;0
7592;6392980;3;0;0;0;0
7593;6393982;3;0;0;0;0
7594;6393989;2;0;0;0;0
7595;6393998;1;0;1;0;0
7596;6394017;2;0;1;0;0
7597;6394025;1;0;0;0;0
7598;6394980;3;0;0;0;0
7599;6395980;3;0;0;0;0
7600;6396980;3;0;0;0;0
7601;6397980;3;0;0;0;0
7602;6398980;3;0;0;0;0
7603;6399980;3;0;0;0;0
7604;6400980;3;0;0;0;0
7605;6401980;3;0;0;0;0
7606;6402980;3;0;0;0;0
7607;6403980;3;0;0;0;0
7608;6404980;3;0;0;0;0
7609;6405980;3;0;0;0;0
7610;6406980;3;0;0;0;0
7611;6407980;3;0;0;0;0
7612;6408980;3;0;0;0;0
7613;6409980;3;0;0;0;0
7614;6410980;3;0;0;0;0
7615;6411980;3;0;0;0;0
7616;6412980;3;0;0;0;0
7617;6413982;3;0;0;0;0
7618;6413989;2;0;0;0;0
7619;6413998;1;0;1;0;0
7620;6414017;2;0;1;0;0
7621;6414025;1;0;0;0;0
7622;6414980;3;0;0;0;0
7623;6415980;3;0;0;0;0
7624;6416980;3;0;0;0;0
7625;6417980;3;0;0;0;0
7626;6418980;3;0;0;0;0
7627;6419980;3;0;0;0;0
7628;6420980;3;0;0;0;0
7629;6421980;3;0;0;0;0
7630;6422980;3;0;0;0;0
7631;6423980;3;0;0;0;0
7632;6424980;3;0;0;0;0
7633;6425980;3;0;0;0;0
7634;6426980;3;0;0;0;0
7635;6427980;3;0;0;0;0
7636;6428980;3;0;0;0;0
7637;6429980;3;0;0;0;0
7638;6430980;3;0;0;0;0
7639;6431980;3;0;0;0;0
7640;6432980;3;0;0;0;0
7641;6433982;3;0;0;0;0
7642;6433989;2;0;0;0;0
7643;6433998;1;0;1;0;0
7644;6434017;2;0;1;0;0
7645;6434025;1;0;0;0;0
7646;6434980;3;0;0;0;0
7647;6435980;3;0;0;0;0
7648;6436980;3;0;0;0;0
7649;6437980;3;0;0;0;0
7650;6438980;3;0;0;0;0
7651;6439980;3;0;0;0;0
7652;6440980;3;0;0;0;0
7653;6441980;3;0;0;0;0
7654;6442980;3;0;0;0;0
7655;6443980;3;0;0;0;0
7656;6444980;3;0;0;0;0
7657;6445980;3;0;0;0;0
7658;6446980;3;0;0;0;0
7659;6447980;3;0;0;0;0
7660;6448980;3;0;0;0;0
7661;6449980;3;0;0;0;0
7662;6450980;3;0;0;0;0
7663;6451980;3;0;0;0;0
7664;6452980;3;0;0;0;0
7665;6453982;3;0;0;0;0
7666;6453989;2;0;0;0;0
7667;6453998;1;0;1;0;0
7668;6454017;2;0;1;0;0
7669;6454025;1;0;0;0;0
7670;6454980;3;0;0;0;0
7671;6455980;3;0;0;0;0
7672;6456980;3;0;0;0;0
7673;6457980;3;0;0;0;0
7674;6458980;3;0;0;0;0
7675;6459980;3;0;0;0;0
7676;6460980;3;0;0;0;0
7677;6461980;3;0;0;0;0
7678;6462980;3;0;0;0;0
7679;6463980;3;0;0;0;0
7680;6464980;3;0;0;0;0
7681;6465980;3;0;0;0;0
7682;6466980;3;0;0;0;0
7683;6467980;3;0;0;0;0
7684;6468980;3;0;0;0;0
7685;6469980;3;0;0;0;0
7686;6470980;3;0;0;0;0
7687;6471980;3;0;0;0;0
7688;6472980;3;0;0;0;0
7689;6473982;3;0;0;0;0
7690;6473989;2;0;0;0;0
7691;6473998;1;0;1;0;0
7692;6474017;2;0;1;0;0
7693;6474025;1;0;0;0;0
7694;6474980;3;0;0;0;0
7695;6475980;3;0;0;0;0
7696;6476980;3;0;0;0;0
7697;6477980;3;0;0;0;0
7698;6478980;3;0;0;0;0
7699;6479980;3;0;0;0;0
7700;6480980;3;0;0;0;0
7701;6481980;3;0;0;0;0
7702;6482980;3;0;0;0;0
7703;6483980;3;0;0;0;0
7704;6484980;3;0;0;0;0
7705;6485980;3;0;0;0;0
7706;6486980;3;0;0;0;0
7707;6487980;3;0;0;0;0
7708;6488980;3;0;0;0;0
7709;6489980;3;0;0;0;0
7710;6490980;3;0;0;0;0
7711;6491980;3;0;0;0;0
7712;6492980;3;0;0;0;0
7713;6493982;3;0;0;0;0
7714;6493989;2;0;0;0;0
7715;6493998;1;0;1;0;0
7716;6494017;2;0;1;0;0
7717;6494025;1;0;0;0;0
7718;6494980;3;0;0;0;0
7719;6495980;3;0;0;0;0
7720;6496980;3;0;0;0;0
7721;6497980;3;0;0;0;0
7722;6498980;3;0;0;0;0
7723;6499980;3;0;0;0;0
7724;6500980;3;0;0;0;0
7725;6501980;3;0;0;0;0
7726;6502980;3;0;0;0;0
7727;6503980;3;0;0;0;0
7728;6504980;3;0;0;0;0
7729;6505980;3;0;0;0;0
7730;6506980;3;0;0;0;0
7731;6507980;3;0;0;0;0
7732;6508980;3;0;0;0;0
7733;6509980;3;0;0;0;0
7734;6510980;3;0;0;0;0
7735;6511980;3;0;0;0;0
7736;6512980;3;0;0;0;0
7737;6513982;3;0;0;0;0
7738;6513989;2;0;0;0;0
7739;6513998;1;0;1;0;0
7740;6514017;2;0;1;0;0
7741;6514025;1;0;0;0;0
7742;6514980;3;0;0;0;0
7743;6515980;3;0;0;0;0
7744;6516980;3;0;0;0;0
7745;6517980;3;0;0;0;0
7746;6518980;3;0;0;0;0
7747;6519980;3;0;0;0;0
7748;6520980;3;0;0;0;0
7749;6521980;3;0;0;0;0
7750;6522980;3;0;0;0;0
7751;6523980;3;0;0;0;0
7752;6524980;3;0;0;0;0
7753;6525980;3;0;0;0;0
7754;6526980;3;0;0;0;0
7755;6527980;3;0;0;0;0
7756;6528980;3;0;0;0;0
7757;6529980;3;0;0;0;0
7758;6530980;3;0;0;0;0
7759;6531980;3;0;0;0;0
7760;6532980;3;0;0;0;0
7761;6533982;3;0;0;0;0
7762;6533989;2;0;0;0;0
7763;6533998;1;0;1;0;0
7764;6534017;2;0;1;0;0
7765;6534026;1;0;0;0;0
7766;6534980;3;0;0;0;0
7767;6535980;3;0;0;0;0
7768;6536980;3;0;0;0;0
7769;6537982;3;0;0;0;0
7770;6537989;2;0;0;0;0
7771;6537998;1;0;1;1;0
7772;6538979;3;0;1;1;0
7773;6539979;3;0;1;1;0
7774;6540979;3;0;1;1;0
7775;6541979;3;0;1;1;0
7776;6542979;3;0;1;1;0
7777;6543979;3;0;1;1;0
7778;6544979;3;0;1;1;0
7779;6545979;3;0;1;1;0
7780;6546979;3;0;1;1;0
7781;6547979;3;0;1;1;0
7782;6548979;3;0;1;1;0
7783;6549979;3;0;1;1;0
7784;6550979;3;0;1;1;0
7785;6551979;3;0;1;1;0
7786;6552979;3;0;1;1;0
7787;6553389;2;0;1;1;0
7788;6553396;1;0;0;0;0
7789;6553984;3;0;0;0;0
7790;6553991;2;0;0;0;0
7791;6553999;1;0;1;2;0
7792;6554979;3;0;1;2;0
7793;6555979;3;0;1;2;0
7794;6556979;3;0;1;2;0
7795;6557979;3;0;1;2;0
7796;6558979;3;0;1;2;0
7797;6559979;3;0;1;2;0
7798;6560979;3;0;1;2;0
7799;6561979;3;0;1;2;0
7800;6562979;3;0;1;2;0
7801;6563979;3;0;1;2;0
7802;6564979;3;0;1;2;0
7803;6565979;3;0;1;2;0
7804;6566979;3;0;1;2;0
7805;6567979;3;0;1;2;0
7806;6568981;3;0;1;2;0
7807;6569395;2;0;1;2;0
7808;6569403;1;0;1;0;0
7809;6569422;2;0;1;0;0
7810;6569430;1;0;1;3;0
7811;6569979;3;0;1;3;0
7812;6570979;3;0;1;3;0
7813;6571979;3;0;1;3;0
7814;6572979;3;0;1;3;0
7815;6573979;3;0;1;3;0
7816;6574979;3;0;1;3;0
7817;6575979;3;0;1;3;0
7818;6576979;3;0;1;3;0
7819;6577979;3;0;1;3;0
7820;6578979;3;0;1;3;0
7821;6579979;3;0;1;3;0
7822;6580979;3;0;1;3;0
7823;6581979;3;0;1;3;0
7824;6582979;3;0;1;3;0
7825;6583979;3;0;1;3;0
7826;6584828;2;0;1;3;0
7827;6584836;1;0;0;0;0
7828;6584982;3;0;0;0;0
7829;6584989;2;0;0;0;0
7830;6584998;1;0;1;4;0
7831;6585979;3;0;1;4;0
7832;6586979;3;0;1;4;0
7833;6587979;3;0;1;4;0
7834;6588981;3;0;1;4;0
7835;6589979;3;0;1;4;0
7836;6590979;3;0;1;4;0
7837;6591979;3;0;1;4;0
7838;6592979;3;0;1;4;0
7839;6593979;3;0;1;4;0
7840;6594979;3;0;1;4;0
7841;6595979;3;0;1;4;0
7842;6596979;3;0;1;4;0
7843;6597979;3;0;1;4;0
7844;6598981;3;0;1;4;0
7845;6599136;2;0;1;4;0
7846;6599144;1;0;1;0;0
7847;6599163;2;0;1;0;0
7848;6599172;1;0;1;5;0
7849;6599979;3;0;1;5;0
7850;6600979;3;0;1;5;0
7851;6601979;3;0;1;5;0
7852;6602979;3;0;1;5;0
7853;6603979;3;0;1;5;0
7854;6604979;3;0;1;5;0
7855;6605979;3;0;1;5;0
7856;6606979;3;0;1;5;0
7857;6607979;3;0;1;5;0
7858;6608979;3;0;1;5;0
7859;6609979;3;0;1;5;0
7860;6610979;3;0;1;5;0
7861;6611979;3;0;1;5;0
7862;6612979;3;0;1;5;0
7863;6613979;3;0;1;5;0
7864;6614576;2;0;1;5;0
7865;6614584;1;0;0;0;0
7866;6614980;3;0;0;0;0
7867;6615980;3;0;0;0;0
7868;6616980;3;0;0;0;0
7869;6617980;3;0;0;0;0
7870;6618982;3;0;0;0;0
7871;6618989;2;0;0;0;0
7872;6618998;1;0;1;0;0
7873;6619017;2;0;1;0;0
7874;6619025;1;0;0;0;0
7875;6619980;3;0;0;0;0
7876;6620980;3;0;0;0;0
7877;6621980;3;0;0;0;0
7878;6622980;3;0;0;0;0
7879;6623980;3;0;0;0;0
7880;6624980;3;0;0;0;0
7881;6625980;3;0;0;0;0
7882;6626980;3;0;0;0;0
7883;6627980;3;0;0;0;0
7884;6628980;3;0;0;0;0
7885;6629980;3;0;0;0;0
7886;6630980;3;0;0;0;0
7887;6631980;3;0;0;0;0
7888;6632980;3;0;0;0;0
7889;6633980;3;0;0;0;0
7890;6634980;3;0;0;0;0
7891;6635980;3;0;0;0;0
7892;6636980;3;0;0;0;0
7893;6637980;3;0;0;0;0
7894;6638982;3;0;0;0;0
7895;6638989;2;0;0;0;0
7896;6638998;1;0;1;0;0
7897;6639017;2;0;1;0;0
7898;6639025;1;0;0;0;0
7899;6639980;3;0;0;0;0
7900;6640980;3;0;0;0;0
7901;6641980;3;0;0;0;0
7902;6642980;3;0;0;0;0
7903;6643980;3;0;0;0;0
7904;6644980;3;0;0;0;0
7905;6645980;3;0;0;0;0
7906;6646980;3;0;0;0;0
7907;6647980;3;0;0;0;0
7908;6648980;3;0;0;0;0
7909;6649980;3;0;0;0;0
7910;6650980;3;0;0;0;0
7911;6651980;3;0;0;0;0
7912;6652980;3;0;0;0;0
7913;6653980;3;0;0;0;0
7914;6654980;3;0;0;0;0
7915;6655980;3;0;0;0;0
7916;6656980;3;0;0;0;0
7917;6657980;3;0;0;0;0
7918;6658982;3;0;0;0;0
7919;6658989;2;0;0;0;0
7920;6658998;1;0;1;0;0
7921;6659017;2;0;1;0;0
7922;6659025;1;0;0;0;0
7923;6659980;3;0;0;0;0
7924;6660980;3;0;0;0;0
7925;6661980;3;0;0;0;0
7926;6662980;3;0;0;0;0
7927;6663980;3;0;0;0;0
7928;6664980;3;0;0;0;0
7929;6665980;3;0;0;0;0
7930;6666980;3;0;0;0;0
7931;6667980;3;0;0;0;0
7932;6668980;3;0;0;0;0
7933;6669980;3;0;0;0;0
7934;6670980;3;0;0;0;0
7935;6671980;3;0;0;0;0
7936;6672980;3;0;0;0;0
7937;6673980;3;0;0;0;0
7938;6674980;3;0;0;0;0
7939;6675980;3;0;0;0;0
7940;6676980;3;0;0;0;0
7941;6677980;3;0;0;0;0
7942;6678982;3;0;0;0;0
7943;6678989;2;0;0;0;0
7944;6678998;1;0;1;0;0
7945;6679017;2;0;1;0;0
7946;6679025;1;0;0;0;0
7947;6679980;3;0;0;0;0
7948;6680980;3;0;0;0;0
7949;6681980;3;0;0;0;0
7950;6682980;3;0;0;0;0
7951;6683980;3;0;0;0;0
7952;6684980;3;0;0;0;0
7953;6685980;3;0;0;0;0
7954;6686980;3;0;0;0;0
7955;6687980;3;0;0;0;0
7956;6688980;3;0;0;0;0
7957;6689980;3;0;0;0;0
7958;6690980;3;0;0;0;0
7959;6691980;3;0;0;0;0
7960;6692980;3;0;0;0;0
7961;6693980;3;0;0;0;0
7962;6694980;3;0;0;0;0
7963;6695980;3;0;0;0;0
7964;6696980;3;0;0;0;0
7965;6697980;3;0;0;0;0
7966;6698982;3;0;0;0;0
7967;6698989;2;0;0;0;0
7968;6698998;1;0;1;0;0
7969;6699017;2;0;1;0;0
7970;6699025;1;0;0;0;0
7971;6699980;3;0;0;0;0
7972;6700980;3;0;0;0;0
7973;6701980;3;0;0;0;0
7974;6702980;3;0;0;0;0
7975;6703980;3;0;0;0;0
7976;6704980;3;0;0;0;0
7977;6705980;3;0;0;0;0
7978;6706980;3;0;0;0;0
7979;6707980;3;0;0;0;0
7980;6708980;3;0;0;0;0
7981;6709980;3;0;0;0;0
7982;6710980;3;0;0;0;0
7983;6711980;3;0;0;0;0
7984;6712980;3;0;0;0;0
7985;6713980;3;0;0;0;0
7986;6714980;3;0;0;0;0
7987;6715980;3;0;0;0;0
7988;6716980;3;0;0;0;0
7989;6717980;3;0;0;0;0
7990;6718982;3;0;0;0;0
7991;6718989;2;0;0;0;0
7992;6718998;1;0;1;0;0
7993;6719017;2;0;1;0;0
7994;6719025;1;0;0;0;0
7995;6719980;3;0;0;0;0
7996;6720980;3;0;0;0;0
7997;6721980;3;0;0;0;0
7998;6722980;3;0;0;0;0
7999;6723980;3;0;0;0;0
8000;6724980;3;0;0;0;0
8001;6725980;3;0;0;0;0
8002;6726980;3;0;0;0;0
8003;6727980;3;0;0;0;0
8004;6728980;3;0;0;0;0
8005;6729980;3;0;0;0;0
8006;6730980;3;0;0;0;0
8007;6731980;3;0;0;0;0
8008;6732980;3;0;0;0;0
8009;6733980;3;0;0;0;0
8010;6734980;3;0;0;0;0
8011;6735980;3;0;0;0;0
8012;6736980;3;0;0;0;0
8013;6737980;3;0;0;0;0
8014;6738982;3;0;0;0;0
8015;6738989;2;0;0;0;0
8016;6738998;1;0;1;0;0
8017;6739017;2;0;1;0;0
8018;6739025;1;0;0;0;0
8019;6739980;3;0;0;0;0
8020;6740980;3;0;0;0;0
8021;6741980;3;0;0;0;0
8022;6742980;3;0;0;0;0
8023;6743980;3;0;0;0;0
8024;6744980;3;0;0;0;0
8025;6745980;3;0;0;0;0
8026;6746980;3;0;0;0;0
8027;6747980;3;0;0;0;0
8028;6748980;3;0;0;0;0
8029;6749980;3;0;0;0;0
8030;6750980;3;0;0;0;0
8031;6751980;3;0;0;0;0
8032;6752980;3;0;0;0;0
8033;6753980;3;0;0;0;0
8034;6754980;3;0;0;0;0
8035;6755980;3;0;0;0;0
8036;6756980;3;0;0;0;0
8037;6757980;3;0;0;0;0
8038;6758982;3;0;0;0;0
8039;6758989;2;0;0;0;0
8040;6758998;1;0;1;0;0
8041;6759017;2;0;1;0;0
8042;6759025;1;0;0;0;0
8043;6759980;3;0;0;0;0
8044;6760980;3;0;0;0;0
8045;6761980;3;0;0;0;0
8046;6762980;3;0;0;0;0
8047;6763980;3;0;0;0;0
8048;6764980;3;0;0;0;0
8049;6765980;3;0;0;0;0
8050;6766980;3;0;0;0;0
8051;6767980;3;0;0;0;0
8052;6768980;3;0;0;0;0
8053;6769980;3;0;0;0;0
8054;6770980;3;0;0;0;0
8055;6771980;3;0;0;0;0
8056;6772980;3;0;0;0;0
8057;6773980;3;0;0;0;0
8058;6774980;3;0;0;0;0
8059;6775980;3;0;0;0;0
8060;6776980;3;0;0;0;0
8061;6777980;3;0;0;0;0
8062;6778982;3;0;0;0;0
8063;6778989;2;0;0;0;0
8064;6778998;1;0;1;0;0
8065;6779017;2;0;1;0;0
8066;6779025;1;0;0;0;0
8067;6779980;3;0;0;0;0
8068;6780980;3;0;0;0;0
8069;6781980;3;0;0;0;0
8070;6782980;3;0;0;0;0
8071;6783980;3;0;0;0;0
8072;6784980;3;0;0;0;0
8073;6785980;3;0;0;0;0
8074;6786980;3;0;0;0;0
8075;6787980;3;0;0;0;0
8076;6788980;3;0;0;0;0
8077;6789980;3;0;0;0;0
8078;6790980;3;0;0;0;0
8079;6791980;3;0;0;0;0
8080;6792980;3;0;0;0;0
8081;6793980;3;0;0;0;0
8082;6794980;3;0;0;0;0
8083;6795980;3;0;0;0;0
8084;6796980;3;0;0;0;0
8085;6797980;3;0;0;0;0
8086;6798982;3;0;0;0;0
8087;6798989;2;0;0;0;0
8088;6798998;1;0;1;0;0
8089;6799017;2;0;1;0;0
8090;6799025;1;0;0;0;0
8091;6799980;3;0;0;0;0
8092;6800980;3;0;0;0;0
8093;6801980;3;0;0;0;0
8094;6802980;3;0;0;0;0
8095;6803980;3;0;0;0;0
8096;6804980;3;0;0;0;0
8097;6805980;3;0;0;0;0
8098;6806980;3;0;0;0;0
8099;6807980;3;0;0;0;0
8100;6808980;3;0;0;0;0
8101;6809980;3;0;0;0;0
8102;6810980;3;0;0;0;0
8103;6811980;3;0;0;0;0
8104;6812980;3;0;0;0;0
8105;6813980;3;0;0;0;0
8106;6814980;3;0;0;0;0
8107;6815980;3;0;0;0;0
8108;6816980;3;0;0;0;0
8109;6817980;3;0;0;0;0
8110;6818982;3;0;0;0;0
8111;6818989;2;0;0;0;0
8112;6818998;1;0;1;0;0
8113;6819017;2;0;1;0;0
8114;6819025;1;0;0;0;0
8115;6819980;3;0;0;0;0
8116;6820980;3;0;0;0;0
8117;6821980;3;0;0;0;0
8118;6822980;3;0;0;0;0
8119;6823980;3;0;0;0;0
8120;6824980;3;0;0;0;0
8121;6825980;3;0;0;0;0
8122;6826980;3;0;0;0;0
8123;6827980;3;0;0;0;0
8124;6828980;3;0;0;0;0
8125;6829980;3;0;0;0;0
8126;6830980;3;0;0;0;0
8127;6831980;3;0;0;0;0
8128;6832980;3;0;0;0;0
8129;6833980;3;0;0;0;0
8130;6834980;3;0;0;0;0
8131;6835980;3;0;0;0;0
8132;6836980;3;0;0;0;0
8133;6837980;3;0;0;0;0
8134;6838982;3;0;0;0;0
8135;6838989;2;0;0;0;0
8136;6838998;1;0;1;0;0
8137;6839017;2;0;1;0;0
8138;6839025;1;0;0;0;0
8139;6839980;3;0;0;0;0
8140;6840980;3;0;0;0;0
8141;6841980;3;0;0;0;0
8142;6842980;3;0;0;0;0
8143;6843980;3;0;0;0;0
8144;6844980;3;0;0;0;0
8145;6845980;3;0;0;0;0
8146;6846980;3;0;0;0;0
8147;6847980;3;0;0;0;0
8148;6848980;3;0;0;0;0
8149;6849980;3;0;0;0;0
8150;6850980;3;0;0;0;0
8151;6851980;3;0;0;0;0
8152;6852980;3;0;0;0;0
8153;6853980;3;0;0;0;0
8154;6854980;3;0;0;0;0
8155;6855980;3;0;0;0;0
8156;6856980;3;0;0;0;0
8157;6857980;3;0;0;0;0
8158;6858982;3;0;0;0;0
8159;6858989;2;0;0;0;0
8160;6858998;1;0;1;0;0
8161;6859017;2;0;1;0;0
8162;6859025;1;0;0;0;0
8163;6859980;3;0;0;0;0
8164;6860980;3;0;0;0;0
8165;6861980;3;0;0;0;0
8166;6862980;3;0;0;0;0
8167;6863980;3;0;0;0;0
8168;6864980;3;0;0;0;0
8169;6865980;3;0;0;0;0
8170;6866980;3;0;0;0;0
8171;6867980;3;0;0;0;0
8172;6868980;3;0;0;0;0
8173;6869980;3;0;0;0;0
8174;6870980;3;0;0;0;0
8175;6871980;3;0;0;0;0
8176;6872980;3;0;0;0;0
8177;6873980;3;0;0;0;0
8178;6874980;3;0;0;0;0
8179;6875980;3;0;0;0;0
8180;6876980;3;0;0;0;0
8181;6877980;3;0;0;0;0
8182;6878982;3;0;0;0;0
8183;6878989;2;0;0;0;0
8184;6878998;1;0;1;0;0
8185;6879017;2;0;1;0;0
8186;6879025;1;0;0;0;0
8187;6879980;3;0;0;0;0
8188;6880980;3;0;0;0;0
8189;6881980;3;0;0;0;0
8190;6882980;3;0;0;0;0
8191;6883980;3;0;0;0;0
